slot_key,kind,tex_label,current_number,section,r_function,python_entry_point,output_subdir,filename_override,check_path,notes
panache_stats_table,table,tab:panache_stats,1,main,(none -- hand-transcribed),(none),,,output/STATS/area_trend_summary.csv,"2026-09 revision: renumbered from Table 3 to Table 1 -- metadata_table and hydroportail_table (former Tables 1-2) moved to Supplementary S1, driver_stats_table (former Table 4) moved to Supplementary S2, so this is now the first main-text table by document order. NB: the old checklist called this a TODO (""mean + trend not yet computed""); func/compute_area_trend.R etc. now exist and output/STATS/*_trend_summary.csv is present, so that TODO looks stale -- flagged here, not otherwise investigated as part of this numbering refactor."
multi_driver_summary_table,table,tab:multi_driver_summary,2,main,(none -- hand-transcribed),(none),,,output/STATS/driver_rf_importance.csv,"2026-09 revision: renumbered from Table 5 to Table 2 (see panache_stats_table note). Content also changed: now RF-importance-rank only (single panel, was Panel B of the former 3-panel table), per the meeting decision to de-emphasise GLM/GAM detail in the main text. The former Panels A (GAM R^2_adj) and C (regime-stratified GLM) briefly lived in Supplementary Table S7 (tab:s_multi_driver_full); as of the 2026-09 second follow-up pass that table is removed entirely (all co-authors agreed the full GLM/GAM/RF methodology is too complex/long for the first version) and its content moved to manuscript/reviewer_responses.md section 7. This main-text table's own caption no longer points to it."
metadata_table,table,tab:metadata,S1,supplement,(none -- hand-transcribed),(none),,,hardcoded,"2026-09 revision: moved from main-text Table 1 to Supplementary S1 (""S1. Data source metadata and station tables""), per meeting decision. Spans three structurally different source types (in situ, satellite, reanalysis) with no single unifying metadata file to check. Spatial resolution per source is now additionally stated in the relevant main-text per-product paragraph (Section 2.2), not only here."
hydroportail_table,table,tab:hydroportail,S2,supplement,(none -- hand-transcribed),(none),,,metadata/HydroPortail_station_list.csv,"2026-09 revision: moved from main-text Table 2 to Supplementary S1 (shares the section with metadata_table above), per meeting decision. List of all HydroPortail stations used."
driver_stats_table,table,tab:driver_stats,S5,supplement,(none -- hand-transcribed),(none),,,output/STATS/driver_correlation_trend_summary.csv,"2026-09 revision: moved from main-text Table 4 to Supplementary subsection ""S4. Driver summary statistics"", per meeting decision (""Consider moving Table 4 to Supplementary""). Same stale-TODO caveat as panache_stats_table -- func/compute_driver_correlation_trend.R now exists and writes this file. 2026-09-25 full resync (recompiled manuscript.tex fresh, cross-checked every caption via pdftotext): table number was S3, now confirmed S5 -- the ""Remotely sensed ocean colour validation"" and ""Static vs. dynamic thresholds"" subsections were inserted ahead of ""Driver summary statistics"" sometime between this row's last update and now, shifting the table count (not caused by this resync, just found and fixed by it)."
multi_driver_full_table,table,tab:s_multi_driver_full,(removed),supplement,(none -- hand-transcribed),(none),,,"output/STATS/driver_rf_importance.csv;output/STATS/driver_gam_summary.csv;output/STATS/driver_metric_models_plume_area.csv;output/STATS/driver_metric_models_mean_SPM_in_the_plume_area.csv;output/STATS/driver_metric_models_mass_SPM_in_the_plume_area_in_t.csv;output/STATS/driver_metric_models_lon_weighted_centroid_of_the_plume_area.csv;output/STATS/driver_metric_models_lat_weighted_centroid_of_the_plume_area.csv;output/STATS/driver_regime_glm.csv","REMOVED from manuscript.tex 2026-09 second follow-up pass: all co-authors agreed the full GLM/GAM/RF methodology is too complex/long for the first version. This table (panels A and C; panel B duplicated main-text Table 2) was referenced 4x in main text (Table 2 caption, River flow/Tidal range/Multi-driver Results subsections) -- all 4 sentences reworded to drop the pointer rather than leave it dangling. Moved in full to manuscript/reviewer_responses.md section 7. Former Supplementary subsection ""S7. Full multi-driver GLM/GAM/RF summary"" removed entirely."
regime_glm_table,table,tab:s_regime_glm,(removed),supplement,(none -- hand-transcribed),(none),,,output/STATS/driver_regime_glm.csv,"REMOVED from manuscript.tex 2026-09 first follow-up pass: not referenced anywhere in the main text (its own intro sentence said as much: ""None of the four is currently interpreted in the main text""). Full regime-stratified GLM coefficient detail for 4 of 5 regime splits (wind/tide/current/wave-stratified; the 5th, river-flow-stratified, is in the multi_driver_full_table row above, also now removed). Moved in full to manuscript/reviewer_responses.md section 3. Former Supplementary subsection ""S8. Regime-stratified GLM coefficients (full detail)"" removed. CODE REMOVED 2026-09-28 (dead-output pruning): generating code and any tracked output deleted from the repo; last present in commit 533e42c (git show 533e42c:<path> to recover)."
gam_pairwise_table,table,tab:s_gam_pairwise,(removed),supplement,(none -- hand-transcribed),(none),,,output/STATS/driver_gam_summary.csv;output/STATS/driver_gam_direction_terms.csv,"REMOVED from manuscript.tex 2026-09 second follow-up pass (same co-author decision as multi_driver_full_table above). Was referenced 3x in main text as a generic pointer (""full results in Supplementary Section [S5]"" -- Methods intro, Results intro, Wave height subsection) plus once in Wind speed subsection; all 4 sentences reworded to drop the pointer. Full per-driver-pair GAM tensor-smooth F/p (40 rows) + categorical direction-term F/p (12 rows) moved in full to manuscript/reviewer_responses.md section 5, along with its 4 companion partial-effect-surface figures (fig:s7_*, see gam_monthly_dominance_* rows below). Former Supplementary subsection ""S5. Multi-driver GAM: pairwise term significance and partial-effect surfaces"" removed entirely. CODE REMOVED 2026-09-28 (dead-output pruning): generating code and any tracked output deleted from the repo; last present in commit 533e42c (git show 533e42c:<path> to recover)."
study_zone_map,figure,fig:map,1,main,Figure_1,Figure_1,FIGURE_1,,,"Unrenamed: number has never moved, and Figure_1 is produced via the run_figure_1.R subprocess wrapper (GEOS/PROJ conflict workaround) rather than the in-process rpy2 pattern the rest of figure.R uses. Left as-is to limit blast radius; rename is a safe future follow-up."
plume_methodology_panel,figure,fig:methodology,2,main,"plot_methodology_worked_example_panel, plot_methodology_transect_panel, plot_methodology_zone_maps_panel",Figure_3_panels/Figure_3_zone_maps/Figure_3,FIGURE_2,,,"Was FIGURE_3. Three R generators (worked-example panels A-E, transect panel, per-zone maps F-I) plus a Python-side PIL composite (Figure_3()); the zone-maps panel is produced via the run_figure_3_zone_maps.R subprocess wrapper."
plume_area_timeseries,figure,fig:timeseries_panache,3,main,plot_plume_area_timeseries,Figure_4_S1_timeseries,FIGURE_3,,,Was FIGURE_4. Shares one Python entry point with the threshold_comparison supplement figure below (Figure_4_S1_timeseries makes both rpy2 calls).
seasonal_boxplot_heatmap,figure,fig:seasonal,4,main,plot_seasonal_boxplot_heatmap,Figure_5_seasonal_analysis,FIGURE_4,,,"Was FIGURE_5. Also writes the shared long-format monthly boxplot data that seasonal_boxplots_dynamic_vs_static was designed to read back in -- see that row: as of the 2026-09-25 resync, that figure is confirmed deliberately removed from the compiled manuscript (per Robert, following co-author feedback), so this shared data now has only one consumer."
monthly_trend_pct_heatmap,figure,fig:monthly_trend_pct,5,main,generate_monthly_trend_pct_heatmap.R (script),(none -- run standalone via Rscript func/generate_monthly_trend_pct_heatmap.R),FIGURE_5,,,"New 2026-08-26, replaces monthly_trends_table_main (was Table 5, removed). Zone x month heatmap, 3x3 facet of 4 plume properties + 5 drivers, percent-of-mean-per-year colour (dynamic threshold), dashed outline = significant (p<0.05). Same underlying slope source (output/STATS/monthly_trend_summary.csv, AR/HAC-weighted) as Supplementary Table S2 (tab:s_monthly_trends), which retains the full native-units detail."
x11_seasonal_river_flow,figure,fig:x11_seasonal,6,main,plot_x11_seasonal_river_flow,Figure_X11_weekly_results,FIGURE_6,,,"New 2026-08-26: seasonal component of the X11 decomposition of plume area vs. river discharge (dynamic threshold), split out of the former x11_components_dynamic seasonal+residual composite -- was the top half of FIGURE_S5. Shares x11_interannual_river_flow's DATA/ prep."
x11_interannual_river_flow,figure,fig:x11_river,7,main,plot_x11_interannual_river_flow,Figure_X11_weekly_results,FIGURE_7,,,"Was FIGURE_6, then FIGURE_5, now FIGURE_7 (2026-08-26: new Fig 5 heatmap + Fig 6 X11-seasonal inserted ahead of it). Figure_X11_weekly_results() is a Python fan-out, now 6 R calls total (this row plus x11_seasonal_river_flow, x11_residual_river_flow, x11_interannual_dynamic_vs_static, x11_seasonal_dynamic_vs_static, x11_residual_dynamic_vs_static below)."
driver_rose_diagram,figure,fig:driver_rose,8,main,plot_driver_rose_diagram,Figure_7_driver_rose,FIGURE_8,,,"Was FIGURE_7, then FIGURE_6, now FIGURE_8 (2026-08-26 renumber: new Fig 5 heatmap + Fig 6 X11-seasonal inserted ahead of it)."
gam_partial_effects,figure,fig:gam_partial,S8,supplement,plot_gam_partial_effects,Figure_8_gam_partial,FIGURE_9,,,"Was FIGURE_8, then FIGURE_7, then main-text Figure 9 (2026-08-26 renumber: new Fig 5 heatmap + Fig 6 X11-seasonal inserted ahead of it). 2026-09-25 full resync (recompiled manuscript.tex fresh, cross-checked every caption via pdftotext): found moved out of the main text entirely into a new Supplementary subsection (""S6. Multi-driver GAM partial-dependence curves""), landing as Figure S8 -- no dated log entry anywhere records when or why this move happened; metadata/TODO.md's 2026-09-24 entry had already flagged this drift and deferred the fix to today. Kind changed main->supplement accordingly."
validation_summary_stats,table,tab:validation,S3,supplement,"compute_validation_stats.R (script, not a figure.R function)",(none -- func/compute_validation_stats.R run standalone),,,output/STATS/validation_error_bias_summary.csv,"2026-09 revision: renumbered S1->S4 (document-order shift -- metadata_table and hydroportail_table now appear before this table; see their notes above). Source built from output/MATCH_UP_DATA/FRANCE/STATISTICS/table_all.csv (func/validate.R). Hand-transcribed into manuscript.tex, no LaTeX \input. 2026-09-25 full resync (recompiled manuscript.tex fresh, cross-checked every caption via pdftotext): now confirmed S3, not S4 -- driver_stats_table no longer precedes it (driver_stats_table moved later, see its own row)."
validation_scatterplot_panel,figure,fig:validation,S1,supplement,plot_validation_scatterplot_panel,Figure_2,FIGURE_S1,,,"Was FIGURE_2/Figure_2.png. First test case for this registry -- fully renamed, parameterized, and regenerated."
thresholds_comparison,figure,fig:s1,S2,supplement,plot_threshold_comparison,Figure_4_S1_timeseries,FIGURE_S2,,,Was FIGURE_S1.
daily_flow_lagged_correlation,figure,fig:daily_flow,(removed),supplement,plot_daily_flow_lagged_correlation,Figure_S_daily_flow,FIGURE_S3,,,"Was FIGURE_S_daily_flow (already descriptive, folder just wasn't numbered). 2026-09-25 full resync (recompiled manuscript.tex fresh, cross-checked every caption via pdftotext): \label{fig:daily_flow} no longer appears anywhere in manuscript.tex. Initially flagged as unconfirmed since no dated entry anywhere recorded the removal; Robert confirmed same day this was intentional, following co-author feedback -- item retired. func/figure.R's plot_daily_flow_lagged_correlation() and the FIGURE_S_daily_flow/ output remain untouched on disk. CODE REMOVED 2026-09-28 (dead-output pruning): generating code and any tracked output deleted from the repo; last present in commit 533e42c (git show 533e42c:<path> to recover)."
seasonal_boxplots_dynamic_vs_static,figure,fig:s3,(removed),supplement,plot_seasonal_boxplots_dynamic_vs_static,Figure_S3_seasonal_boxplots,FIGURE_S4,,,"Was FIGURE_S3. Reads the shared data seasonal_boxplot_heatmap (main Figure 4) writes. 2026-09-25 full resync (recompiled manuscript.tex fresh, cross-checked every caption via pdftotext): \label{fig:s3} no longer appears anywhere in manuscript.tex. Initially flagged as unconfirmed since no dated entry anywhere recorded the removal; Robert confirmed same day this was intentional, following co-author feedback -- item retired, same as daily_flow_lagged_correlation above. CODE REMOVED 2026-09-28 (dead-output pruning): generating code and any tracked output deleted from the repo; last present in commit 533e42c (git show 533e42c:<path> to recover)."
monthly_trends_table,table,tab:s_monthly_trends,(orphaned),supplement,generate_table_s_monthly_trends.R (script),(none -- run standalone),,,output/STATS/table_s_monthly_trends_body.tex,"PRE-EXISTING ISSUE flagged during 2026-09 revision, not caused by it: \label{tab:s_monthly_trends} no longer appears anywhere in manuscript.tex (checked via grep against the full appendix) -- this table appears to have already been removed from the document before this revision pass. Registry row kept for now per project convention (don't delete pre-existing entries not part of the current task); Robert should confirm whether this and octant_trends_table below are genuinely gone or need re-inserting. CODE REMOVED 2026-09-28 (dead-output pruning): generating code and any tracked output deleted from the repo; last present in commit 533e42c (git show 533e42c:<path> to recover)."
octant_trends_table,table,tab:s_octant_trends,(orphaned),supplement,generate_table_s_octant_trends.R (script -- still removed, see below),(none -- run standalone),,,output/STATS/table_s_octant_trends_body.tex,"PRE-EXISTING ISSUE flagged during 2026-09 revision, not caused by it: \label{tab:s_octant_trends} no longer appears anywhere in manuscript.tex. See monthly_trends_table note above. CODE REMOVED 2026-09-28 (dead-output pruning): generating code and any tracked output deleted from the repo; last present in commit 533e42c (git show 533e42c:<path> to recover). PARTIALLY RESTORED 2026-09-28 (same day): the underlying computation -- compute_octant_trend()/compute_monthly_octant_trend() in func/multi.R and func/compute_direction_octant_trend.R -- was reinstated and re-wired into code/4_time_series.py's stats_scripts, because manuscript.tex's Methods section (sec:linear_trends, sec:seasonal_methods paragraphs) still describes this exact octant-occupancy-trend methodology in detail, and that removal was the only one in this cleanup never confirmed by Robert (contrast every other CODE REMOVED row above, each backed by an explicit meeting decision or same-day confirmation). generate_table_s_octant_trends.R itself (the LaTeX table formatter) was deliberately NOT restored -- the table stays orphaned/unconfirmed pending Robert's call on whether to reinsert it; only the computation needed to back the still-live Methods text was brought back."
monthly_driver_dominance_table,table,tab:s_monthly_dominance,(removed),supplement,summarise_monthly_driver_dominance() in driver_interactions.R,(none -- run via code/4_time_series.py's monthly stage),,,output/STATS/monthly_driver_dominance_summary.csv,"REMOVED from manuscript.tex 2026-09 second follow-up pass (same co-author decision as gam_pairwise_table above). Was referenced 2x in main text (Results Multi-driver intro, Discussion Methodological limitations); per explicit instruction the introducing sentence in Results was deleted outright rather than reworded (""we do not need to reference this in the text""), and the Discussion sentence trimmed to drop its clause. Moved in full to manuscript/reviewer_responses.md section 6. Former Supplementary subsection ""S6. Monthly multi-driver dominance"" removed entirely. CODE REMOVED 2026-09-28 (dead-output pruning): generating code and any tracked output deleted from the repo; last present in commit 533e42c (git show 533e42c:<path> to recover)."
x11_residual_river_flow,figure,fig:x11_residual,S6,supplement,plot_x11_residual_river_flow,Figure_X11_weekly_results,FIGURE_S5,,,"Was FIGURE_S2, then x11_components_dynamic (seasonal+residual composite, tex_label fig:s2 -- a stale label left over from that prior renumber, never matching 's5'). Renamed 2026-08-26: seasonal moved out to new main-text x11_seasonal_river_flow (Fig. 6); this slot now shows the residual component only, tex_label corrected to match. 2026-09-25 full resync (recompiled manuscript.tex fresh, cross-checked every caption via pdftotext): was S5, now confirmed S6, under new subsection ""S5. X11 residual component and driver correlation heatmap"" (shared with x11_driver_correlation_heatmap below)."
x11_interannual_dynamic_vs_static,figure,fig:s_x11_interannual_static,S4,supplement,plot_x11_interannual_dynamic_vs_static,Figure_X11_weekly_results,FIGURE_S6,,,"Was FIGURE_S5. 2026-09-25 full resync (recompiled manuscript.tex fresh, cross-checked every caption via pdftotext): was S6, now confirmed S4, under subsection ""S3. Static vs. dynamic thresholds""."
x11_seasonal_dynamic_vs_static,figure,fig:s_x11_seasonal_static,S3,supplement,plot_x11_seasonal_dynamic_vs_static,Figure_X11_weekly_results,FIGURE_S7,,,"Was FIGURE_S6. 2026-09-25 full resync (recompiled manuscript.tex fresh, cross-checked every caption via pdftotext): was S7 (a duplicate with x11_driver_correlation_heatmap below, already flagged as a registry-internal contradiction in metadata/TODO.md's 2026-09-24 entry), now confirmed S3, under subsection ""S3. Static vs. dynamic thresholds"" -- resolves the duplicate."
x11_residual_dynamic_vs_static,figure,fig:s_x11_residual_static,S5,supplement,plot_x11_residual_dynamic_vs_static,Figure_X11_weekly_results,FIGURE_S8,,,"Was FIGURE_S6_RESIDUAL. 2026-09-25 full resync (recompiled manuscript.tex fresh, cross-checked every caption via pdftotext): was S8, now confirmed S5, under subsection ""S3. Static vs. dynamic thresholds""."
rofi_succession,figure,fig:s_rofi_succession,(removed),supplement,plot_flow_plume_rofi_succession,(none -- func/ROFI.R run via robjects.r['run_rofi_plume_succession'] in code/5_figures.py),FIGURE_S9,flow_plume_rofi_succession.png,,"REMOVED from manuscript.tex 2026-09 per meeting decision (""Same for the ROFI comparisons""). Full original section text, both figures, and the source PNG paths preserved verbatim in manuscript/reviewer_responses.md (section 2) for reuse if a reviewer asks. Figure source files remain on disk at figures/ARTICLE/FIGURE_S9/ (untouched). CODE REMOVED 2026-09-28 (dead-output pruning): generating code and any tracked output deleted from the repo; last present in commit 533e42c (git show 533e42c:<path> to recover)."
rofi_lagged_correlation,figure,fig:s_rofi_lagged,(removed),supplement,plot_rofi_plume_lagged_correlation,(none -- same ROFI.R entry point as above),FIGURE_S10,rofi_plume_lagged_correlation.png,,"REMOVED from manuscript.tex 2026-09, same as rofi_succession above -- see that row's note and manuscript/reviewer_responses.md section 2. Figure source files remain on disk at figures/ARTICLE/FIGURE_S10/ (untouched). CODE REMOVED 2026-09-28 (dead-output pruning): generating code and any tracked output deleted from the repo; last present in commit 533e42c (git show 533e42c:<path> to recover)."
gam_monthly_dominance_bay_of_seine,figure,fig:s7_bay_of_seine,(removed),supplement,plot_gam_figure (driver_interactions.R -- batched across all 4 zones in one call),(none -- code/4_time_series.py via run_driver_interactions_analysis()),FIGURE_S11,,,"REMOVED from manuscript.tex 2026-09 second follow-up pass, along with the other 3 zone figures below and gam_pairwise_table (same co-author decision -- these 4 figures were the visual companions to that table, both lived in former Supplementary S5). Cited only as a range endpoint in main-text Figure 9's caption (""tensor-product GAM of Supplementary Figs. [S9]-[S12]""); that caption reworded to drop the reference. Was the last figures in figure-counter order, so no other figure numbers shifted. Moved in full (description + source paths) to manuscript/reviewer_responses.md section 5. Source PNGs remain on disk, untouched, at figures/ARTICLE/FIGURE_S11/-FIGURE_S14/. CODE REMOVED 2026-09-28 (dead-output pruning): generating code and any tracked output deleted from the repo; last present in commit 533e42c (git show 533e42c:<path> to recover)."
gam_monthly_dominance_southern_brittany,figure,fig:s7_southern_brittany,(removed),supplement,plot_gam_figure,(none),FIGURE_S12,,,REMOVED 2026-09 second follow-up pass -- see gam_monthly_dominance_bay_of_seine note above. CODE REMOVED 2026-09-28 (dead-output pruning): generating code and any tracked output deleted from the repo; last present in commit 533e42c (git show 533e42c:<path> to recover).
gam_monthly_dominance_bay_of_biscay,figure,fig:s7_bay_of_biscay,(removed),supplement,plot_gam_figure,(none),FIGURE_S13,,,REMOVED 2026-09 second follow-up pass -- see gam_monthly_dominance_bay_of_seine note above. CODE REMOVED 2026-09-28 (dead-output pruning): generating code and any tracked output deleted from the repo; last present in commit 533e42c (git show 533e42c:<path> to recover).
gam_monthly_dominance_gulf_of_lion,figure,fig:s7_gulf_of_lion,(removed),supplement,plot_gam_figure,(none),FIGURE_S14,,,REMOVED 2026-09 second follow-up pass -- see gam_monthly_dominance_bay_of_seine note above. CODE REMOVED 2026-09-28 (dead-output pruning): generating code and any tracked output deleted from the repo; last present in commit 533e42c (git show 533e42c:<path> to recover).
x11_driver_correlation_heatmap,figure,fig:s_x11_driver_corr,S7,supplement,generate_x11_driver_correlation_heatmap.R (script),compute_x11_driver_signals.py (run first),FIGURE_S15,,,"New 2026-09-23: single heatmap of Pearson r between plume area's X11 seasonal/interannual component and each of 5 drivers' own component, per zone -- replaces the originally-planned ~10-page per-driver seasonal/interannual comparison Supplementary section (metadata/TODO.md, superseded 2026-09), per Robert's call. Python persists the wind/tide/wave/current weekly X11 decomposition (a gap left by the 2026-08-11 R-to-Python X11 migration); R reads all 5 drivers' CSVs, computes cor(), and plots -- same split as river flow's existing Fig 6/7 r-value annotations. 2026-09-25 full resync (recompiled manuscript.tex fresh, cross-checked every caption via pdftotext): number S7 confirmed genuinely correct (not just labelled S7 -- resolves the duplicate this row previously shared with x11_seasonal_dynamic_vs_static, see that row). Subsection corrected from ""S6"" to ""S5. X11 residual component and driver correlation heatmap"" (shared with x11_residual_river_flow above) -- this row's own notes column and its current_number had been internally contradictory (S6 vs S7) since 2026-09-24, per metadata/TODO.md."
missing_days_table,table,tab:missing_days,S4,supplement,(none -- hand-transcribed),(none),,,output/STATS/missing_SPM.csv;output/STATS/missing_chla.csv,"New 2026-09-24: number of days per Sextant-OC5 variable (SPM, chlorophyll-a) with no available granule across the full 1998-2025 study period, per Robert's call to actually address this rather than drop it (companion ODATIS-MR table/figure item stays dropped, external URL only). Source: output/STATS/missing_SPM.csv / missing_chla.csv, both written by func/multi.R's eager 'Missing data' block (dir() listing of ~/pCloudDrive/data/SEXTANT/{SPM,CHLA}/ against a complete 1998-2025 daily sequence) -- confirmed the placed cached files (95/90 missing) exactly match a fresh recomputation against the live archive on this machine. Placed within existing Supplementary S2 (""Remotely sensed ocean colour validation""), right after tab:validation/fig:validation, not a new subsection -- Robert's call, this is where all the Sextant validation content lives. 2026-09-25 full resync (recompiled manuscript.tex fresh, cross-checked every caption via pdftotext): table number was S5, now confirmed S4; subsection number corrected from ""S3"" to ""S2"" (this row's own subsection reference had been off by one)."
