section,subsection,subsubsection,paragraph_snippet,stat_types,source_files,notes
Results,Linear trends,,"The daily surface area of the plumes, and the mass of SPM they contain","trend %/yr (area, SPM mass); p-value; compactness trend; centroid drift trend (km/yr)",func/analysis/compute_area_trend.R;output/STATS/area_trend_summary.csv;func/analysis/compute_mass_spm_trend.R;output/STATS/mass_SPM_trend_summary.csv;func/analysis/compute_shape_alongcoast_trend.R;output/STATS/shape_alongcoast_trend_summary.csv,Table tab:panache_stats consolidates these three scripts' output; shape_alongcoast_trend_summary.csv covers both compactness and centroid/along-coast drift trends
Results,Linear trends,,Each driver's own linear trend is weaker and less consistent than the plume metrics themselves,driver trend slope + p-value; best-lag daily correlation r + lag-days,func/analysis/compute_driver_correlation_trend.R;output/STATS/driver_correlation_trend_summary.csv,
Results,Seasonal analysis,,Plume area's monthly trend is predominantly negative at the three Atlantic coast zones,significant-months-out-of-12 count per zone/variable,func/analysis/compute_seasonal_trend.R;output/STATS/monthly_trend_compact_summary.csv;output/STATS/monthly_trend_summary.csv,"Confirms monthly_trend_compact_summary.csv is not orphaned after Table 5's removal (2026-08-26) -- still sourced by this Results prose paragraph 2026-09-28: paragraph_snippet corrected -- old text (""Plume area's monthly trend is predominantly negative at the three of the four zones"") no longer matches manuscript.tex verbatim (reworded); updated to current wording."
Results,X11 decomposition,,The X11 decomposition was used to separate each plume property and magnitude driver time series into seasonal,"Pearson r, X11 seasonal component (plume area vs. discharge), per zone",PLOT-ONLY:figures/ARTICLE/FIGURE_6/Figure_6.png;figures/ARTICLE/FIGURE_7/DATA/ts_plume_data.csv;figures/ARTICLE/FIGURE_7/DATA/ts_river_data.csv,"r drawn via ggplot2::annotate() in func/figure.R::plot_x11_river_and_plume(), never written to a separate CSV; DATA files (shared with FIGURE_7) are what a reader would need to recompute it 2026-09-28: paragraph_snippet corrected -- old text ('The X11 decomposition (Section~\\ref{sec:x11_decomp}) separates each dynamic-threshold plume-area and river-discharge series into interannual, seasonal, and residual components') no longer matches manuscript.tex verbatim (reworded); updated to current wording."
Results,X11 decomposition,,The interannual component of plume area also tracks river flow at all four sites,"Pearson r, X11 interannual component, per zone",PLOT-ONLY:figures/ARTICLE/FIGURE_7/Figure_7.png;figures/ARTICLE/FIGURE_7/DATA/ts_plume_data.csv;figures/ARTICLE/FIGURE_7/DATA/ts_river_data.csv,Same DATA source as the seasonal-component paragraph above 2026-09-28: paragraph_snippet corrected -- old text ('The long-term (interannual) component of plume area tracks river discharge closely at all four sites') no longer matches manuscript.tex verbatim (reworded); updated to current wording.
Results,Multi driver analysis,,The interaction terms among the five river plume drivers were statistically significant at all four zones,GLM likelihood-ratio-test p-value; GAM R2_adj per zone,func/driver_interactions.R;output/STATS/driver_glm_comparison.csv;output/STATS/driver_metric_models_plume_area.csv,2026-09-28: paragraph_snippet corrected -- old text ('Pairwise interactions of the five river plume drivers were evaluated per zone') no longer matches manuscript.tex verbatim (reworded); updated to current wording.
Results,Multi driver analysis,River flow,"River flow is a strong predictor of daily plume area at all four sites, but by RF permutation importance it ranks as the single top predictor only at the Rh\^one shelf",RF permutation-importance rank + factor,output/STATS/driver_rf_importance.csv,"2026-09-28 full resync: subsubsection corrected from 'River discharge' to 'River flow' (actual heading); source updated to RF-only -- previously cited driver_regime_glm.csv (a regime-stratified-GLM coefficient) that's no longer in the live text, per the 2026-09 second follow-up pass's de-emphasis of GLM/GAM detail in the main text (see figure_table_registry.csv's multi_driver_summary_table note)"
Results,Multi driver analysis,Wind speed,Wind speed is a reliable secondary predictor of plume area. It ranks second by RF importance at the Bay of Seine,RF permutation-importance rank; qualitative wind-direction/plume-area relationship,output/STATS/driver_rf_importance.csv;PLOT-ONLY:figures/ARTICLE/FIGURE_8/Figure_8.png,"2026-09-28 full resync: subsubsection corrected from 'Wind stress' to 'Wind speed'; source updated -- previously cited driver_gam_summary.csv/driver_gam_direction_terms.csv for GAM interaction/direction-term F-p values no longer in the live text (trimmed to RF rank + a qualitative reading of the driver-rose figure, fig:driver_rose)"
Results,Multi driver analysis,Wave height,Wave height emerged as the single most important predictor of plume area by RF importance at three of the four sites,RF permutation-importance rank,output/STATS/driver_rf_importance.csv,"2026-09-28 full resync: source updated to RF-only -- previously also cited driver_gam_summary.csv/driver_gam_direction_terms.csv, no longer referenced by this now RF-only paragraph"
Results,Multi driver analysis,Tidal range,"Tidal range ranks last of the eight candidate terms by RF importance at the Bay of Seine, Southern Brittany, and Rh\^one shelf",RF permutation-importance rank; importance-relative-to-river-flow percentage per zone,output/STATS/driver_rf_importance.csv,"2026-09-28 full resync: source updated -- previously described a since-cut regime-stratified-GLM comparison ('differs depending on which statistic is used', citing driver_regime_glm.csv/driver_gam_summary.csv); the live paragraph is RF-rank + relative-importance percentages plus a qualitative 'corking effect' explanation only"
Discussion,Drivers of plume variability,,Wave height's prominence as a predictor of \textit{panache}-delimited plume area,"Pearson r range, wind-wave collinearity",PLOT-ONLY:output/STATS/driver_correlation_matrix_seasonal.png;output/STATS/daily_driver_matrix_BAY_OF_BISCAY.csv;output/STATS/daily_driver_matrix_BAY_OF_SEINE.csv;output/STATS/daily_driver_matrix_GULF_OF_LION.csv;output/STATS/daily_driver_matrix_SOUTHERN_BRITTANY.csv,"func/analysis/compute_driver_correlation_matrices.R writes PNGs only (ggsave), no CSV of the r-values themselves; per-zone daily_driver_matrix CSVs (written by driver_interactions.R Step 0) are what the r would need to be recomputed from 2026-09-28: paragraph_snippet corrected -- old text (""Wave height's prominence as a predictor of \\textit{panache}-detected plume area"") no longer matches manuscript.tex verbatim (reworded); updated to current wording."
Discussion,Drivers of plume variability,,Tidal range's weakness as a predictor here contrasts with a body of process-based modelling,external comparator claims (multiple citet); r=0.07 restated,EXTERNAL-CITATION:li_effects_2012;EXTERNAL-CITATION:maccready_model_2009;EXTERNAL-CITATION:toublanc_role_2023;EXTERNAL-CITATION:ralston_interacting_2024;output/STATS/driver_correlation_trend_summary.csv,
Discussion,Drivers of plume variability,,"Two features of the present method, rather than a genuine absence of tidal control",external spring/neap SPM ratio; lunar/solar day offset,EXTERNAL-CITATION:verney_suspended_2024;EXTERNAL-CITATION:toublanc_role_2023;EXTERNAL-CITATION:li_effects_2012,
Discussion,Methodological limitations,,"Several additional methodological choices bound how the results should be read, the most consequential being the SPM threshold.","dynamic-vs-static X11 seasonal/interannual r range (restated, r=0.73-0.97); SPM retrieval median absolute percent error range (restated, 79-210%)",output/STATS/validation_error_bias_summary.csv;PLOT-ONLY:figures/ARTICLE/FIGURE_S4/DATA/ts_plume_dynamic_vs_static.csv,"2026-09-28: consolidated from 5 separate rows (threshold selection, static p95 baseline, Falleron exclusion, validation accuracy, gauge asymmetry) into this one row -- those 5 paragraphs have since been merged into a single Discussion paragraph with no 'Methodological limitations' subsection heading any more (Discussion is now unstructured; 'subsection' here is a descriptive label, matching this file's existing convention for the other now-headingless Discussion rows). The specific quantitative claims each old row promised (3-4 g/m3 threshold sensitivity test / ~23% area change, Gironde 8 g/m3 comparator, zone p95 4.7 g/m3, ~10 km2 Falleron excluded area, per-zone gauge distances) are no longer asserted in the live text -- only the X11 r-range and validation MAPE range survive as quantitative claims. Falleron/Lay exclusion and gauge-distance asymmetry are now qualitative only, referencing Supplementary Table S2 (tab:hydroportail) without restating numbers, so carry no separate numeric source."
Appendix,Remotely sensed ocean colour validation,,"Satellite match-ups were constructed independently for each sensor, variable, and RiOMar zone",collocation window size (px); valid-pixel discard threshold; coefficient-of-variation discard threshold (20%); sampling window (10:00-14:00),func/validate.R,"Fixed script-defined parameters (constants in the match-up methodology), not a stats-file output -- source is the script's own parameter definitions"
Appendix,Remotely sensed ocean colour validation,,Clear differences were found in the match-up between \textit{in situ} data and the collocated,"SPM validation MAPE (Bay of Seine 73%, Gulf of Lion 210%); bias (-21%, -89%)",output/STATS/validation_error_bias_summary.csv,
Appendix,Fixed vs. dynamic thresholds,,The dynamic (scene-specific) threshold is the primary method adopted throughout the main analysis,mean plume area dynamic vs. static per zone (km2); ratios; non-zero-day detection rate %,func/figure.py;figures/ARTICLE/FIGURE_3/DATA/ts_data.csv,"Raw daily panache output (output/panache/{dynamic,static}/<zone>/Results.csv, river=='ALL'), not the X11 decomposition -- func/figure.py::Figure_3_S2_timeseries() (lines ~570-641) builds ts_data.csv directly from Results.csv's area_of_the_plume_mask_in_km2 column, nulling days above the per-zone plume_area_ceiling (func/figure.R) before computing. Confirmed 2026-08-27. No separate file saves the mean/ratio/%-non-zero aggregates themselves -- recompute from ts_data.csv following that ceiling-screening logic, don't take a naive mean. 2026-09-28: paragraph_snippet corrected -- old text ('The scene-specific (dynamic) threshold is the primary method adopted throughout the main analysis') no longer matches manuscript.tex verbatim (reworded); updated to current wording."
Appendix,"X11 component time series, dynamic vs. static threshold",,The X11 decomposition of \textit{panache} plume area (Section~\ref{sec:x11_decomp}) was recomputed under the static,"Pearson r range, dynamic-vs-static agreement (interannual, seasonal, residual), per zone",PLOT-ONLY:figures/ARTICLE/FIGURE_S4/Figure_S4.png;PLOT-ONLY:figures/ARTICLE/FIGURE_S3/Figure_S3.png;PLOT-ONLY:figures/ARTICLE/FIGURE_S5/Figure_S5.png;figures/ARTICLE/FIGURE_S4/DATA,"func/figure.R::plot_x11_dynamic_vs_static() draws r via annotate(), not written to CSV; DATA dir shared by the S3/S4/S5 figures (folders renamed 2026-09-28 to match manuscript numbering)"
