,longitude,latitude,distance_km,analysed_spim,kept
0,4.845,43.32,0.0,11.429999744519591,True
1,4.83,43.32,1.2167209386825562,9.269999792799354,True
2,4.815,43.32,2.4334418773651123,6.4499998558312654,True
3,4.8,43.32,3.6501628160476685,5.209999883547425,True
4,4.785,43.32,4.866883754730225,4.369999902322888,True
5,4.77,43.32,6.083604693412781,4.029999909922481,True
6,4.755,43.32,7.300325632095337,4.669999895617366,True
7,4.74,43.32,8.517046570777893,4.369999902322888,True
8,4.725,43.32,9.73376750946045,3.7899999152868986,True
9,4.71,43.32,10.950488448143005,4.029999909922481,True
10,4.695,43.32,12.167209386825562,4.679999895393848,True
11,4.68,43.32,13.383930325508118,4.709999894723296,True
12,4.665,43.32,14.600651264190674,4.959999889135361,True
13,4.65,43.32,15.81737220287323,4.699999894946814,True
14,4.635,43.32,17.034093141555786,4.829999892041087,True
15,4.62,43.32,18.250814080238342,4.239999905228615,True
16,4.605,43.32,19.4675350189209,4.059999909251928,True
17,4.59,43.32,20.684255957603455,3.5499999206513166,True
18,4.575,43.32,21.90097689628601,3.94999991171062,True
19,4.56,43.32,23.117697834968567,4.169999906793237,True
20,4.545,43.32,24.334418773651123,4.129999907687306,True
21,4.53,43.32,25.55113971233368,4.0799999088048935,True
22,4.515,43.32,26.767860651016235,4.149999907240272,True
23,4.5,43.32,27.98458158969879,4.089999908581376,True
24,4.485,43.32,29.201302528381348,4.049999909475446,True
25,4.47,43.32,30.418023467063904,3.829999914392829,True
26,4.455,43.32,31.63474440574646,3.4999999217689037,True
27,4.44,43.32,32.851465344429016,3.0499999318271875,True
28,4.425,43.32,34.06818628311157,2.7699999380856752,False
29,4.41,43.32,35.28490722179413,2.559999942779541,False
30,4.845,43.32,0.0,11.429999744519591,True
31,4.83,43.31,1.6468443367701215,9.559999786317348,True
32,4.815,43.31,2.67457020798436,6.789999848231673,True
33,4.8,43.31,3.8151507192482326,4.709999894723296,True
34,4.785,43.31,4.991817695887965,4.409999901428819,True
35,4.77,43.3,6.475877683635405,4.719999894499779,True
36,4.755,43.3,7.630301438496465,3.8599999137222767,True
37,4.74,43.3,8.801524185985773,3.6999999172985554,True
38,4.725,43.3,9.98363539177593,3.6999999172985554,True
39,4.71,43.29,11.445452157744697,3.689999917522073,True
40,4.695,43.29,12.614521873823257,3.799999915063381,True
41,4.68,43.29,13.791837035013327,3.7199999168515205,True
42,4.665,43.29,14.975453087663894,3.519999921321869,True
43,4.65,43.28,16.42851929526818,3.449999922886491,True
44,4.635,43.28,17.603048371971546,3.3399999253451824,True
45,4.62,43.28,18.78294964647987,3.2699999269098043,True
46,4.605,43.28,19.96727078355186,3.3899999242275953,True
47,4.59,43.27,21.41566261390797,3.469999922439456,True
48,4.575,43.27,22.593028785108366,3.5799999199807644,True
49,4.56,43.27,23.774358327029393,3.609999919310212,True
50,4.545,43.27,24.959088479439824,3.5599999204277992,True
51,4.53,43.26,26.404572557957316,2.9799999333918095,True
52,4.515,43.26,27.583674070026653,2.5999999418854713,False
53,4.5,43.26,28.765908956953645,2.109999952837825,False
54,4.485,43.26,29.950906175327788,1.769999960437417,False
55,4.47,43.25,31.394406931204962,1.4999999664723873,False
56,4.455,43.25,32.574678640566,1.3199999704957008,False
57,4.44,43.25,33.757538568376994,1.1899999734014273,False
58,4.425,43.25,34.942723871215755,1.099999975413084,False
59,4.41,43.24,36.3847854050798,1.0699999760836363,False
60,4.845,43.32,0.0,11.429999744519591,True
61,4.83,43.31,1.6468443367701215,9.559999786317348,True
62,4.815,43.31,2.67457020798436,6.789999848231673,True
63,4.8,43.3,4.272052702314204,5.839999869465828,True
64,4.785,43.3,5.34914041596872,5.049999887123704,True
65,4.77,43.29,6.935086438395945,4.5099998991936445,True
66,4.755,43.29,8.02371062395308,4.049999909475446,True
67,4.74,43.28,9.604533571161676,3.8099999148398638,True
68,4.725,43.28,10.69828083193744,3.9299999121576548,True
69,4.71,43.27,12.276211057406716,3.899999912828207,True
70,4.695,43.27,13.3728510399218,3.7499999161809683,True
71,4.68,43.26,14.948923115973713,3.729999916628003,True
72,4.665,43.26,16.04742124790616,3.779999915510416,True
73,4.65,43.25,17.622199020651948,3.299999926239252,True
74,4.635,43.25,18.72199145589052,3.2699999269098043,True
75,4.62,43.24,20.295815970650573,2.9999999329447746,True
76,4.605,43.24,21.39656166387488,3.009999932721257,True
77,4.59,43.23,22.96965487551866,2.74999993853271,True
78,4.575,43.23,24.07113187185924,2.6399999409914017,False
79,4.56,43.22,25.643646306273148,2.339999947696924,False
80,4.545,43.22,26.7457020798436,2.269999949261546,False
81,4.53,43.21,28.317747054751898,2.1899999510496855,False
82,4.515,43.21,29.420272287827963,2.0899999532848597,False
83,4.5,43.2,30.991928823928628,1.9899999555200338,False
84,4.485,43.2,32.09484249581232,1.9299999568611383,False
85,4.47,43.19,33.66617230682576,1.699999962002039,False
86,4.455,43.19,34.76941270379668,1.409999968484044,False
87,4.44,43.18,36.3404638791689,1.0799999758601189,False
88,4.425,43.18,37.44398291178104,0.7599999830126762,False
89,4.41,43.17,39.01479365200274,0.5699999872595072,False
90,4.845,43.32,0.0,11.429999744519591,True
91,4.83,43.31,1.6468443367701215,9.559999786317348,True
92,4.815,43.3,3.293688673540243,7.799999825656414,True
93,4.8,43.29,4.940533010310364,5.349999880418181,True
94,4.785,43.29,5.896756339239931,4.709999894723296,True
95,4.77,43.28,7.531084178024184,4.469999900087714,True
96,4.755,43.27,9.169891766411952,4.29999990388751,True
97,4.74,43.26,10.81114210701334,4.379999902099371,True
98,4.725,43.26,11.793512678479862,3.829999914392829,True
99,4.71,43.25,13.426311190053402,3.759999915957451,True
100,4.695,43.24,15.062168356048367,3.919999912381172,True
101,4.68,43.23,16.70018537438552,4.25999990478158,True
102,4.665,43.23,17.690269017719796,3.8899999130517244,True
103,4.65,43.22,19.3224715317827,3.829999914392829,True
104,4.635,43.21,20.95696511456066,3.5299999210983515,True
105,4.62,43.2,22.59325253407255,3.209999928250909,True
106,4.605,43.2,23.587025356959725,2.539999943226576,False
107,4.59,43.19,25.218910576582907,2.249999949708581,False
108,4.575,43.18,26.852622380106805,2.029999954625964,False
109,4.56,43.17,28.487846518237284,1.7299999613314867,False
110,4.545,43.17,29.483781696199657,1.7099999617785215,False
111,4.53,43.16,31.11546988061646,1.3999999687075615,False
112,4.515,43.15,32.74867541158032,0.9999999776482582,False
113,4.5,43.14,34.38318206730792,0.7799999825656414,False
114,4.485,43.14,35.38053803543959,0.7699999827891588,False
115,4.47,43.13,37.012091966844395,0.6399999856948853,False
116,4.455,43.12,38.6449430635654,0.6399999856948853,False
117,4.44,43.11,40.278933570160206,0.5599999874830246,False
118,4.425,43.11,41.27729437467952,0.5099999886006117,False
119,4.41,43.1,42.908750952241405,0.5999999865889549,False
120,4.845,43.32,0.0,11.429999744519591,True
121,4.83,43.31,1.6468443367701215,9.559999786317348,True
122,4.815,43.3,3.293688673540243,7.799999825656414,True
123,4.8,43.29,4.940533010310364,5.349999880418181,True
124,4.785,43.28,6.587377347080486,4.949999889358878,True
125,4.77,43.27,8.234221683850608,4.479999899864197,True
126,4.755,43.26,9.881066020620729,4.559999898076057,True
127,4.74,43.25,11.527910357390851,4.659999895840883,True
128,4.725,43.24,13.174754694160972,5.479999877512455,True
129,4.71,43.23,14.821599030931095,5.079999886453152,True
130,4.695,43.22,16.468443367701216,5.009999888017774,True
131,4.68,43.21,18.11528770447134,5.569999875500798,True
132,4.665,43.2,19.762132041241458,6.189999861642718,True
133,4.65,43.19,21.40897637801158,5.949999867007136,True
134,4.635,43.18,23.055820714781703,5.129999885335565,True
135,4.62,43.17,24.702665051551822,4.25999990478158,True
136,4.605,43.16,26.349509388321945,3.3899999242275953,True
137,4.59,43.15,27.996353725092067,2.369999947026372,False
138,4.575,43.14,29.64319806186219,1.50999996624887,False
139,4.56,43.13,31.29004239863231,0.9199999794363976,False
140,4.545,43.12,32.93688673540243,0.6799999848008156,False
141,4.53,43.11,34.583731072172554,0.5599999874830246,False
142,4.515,43.1,36.23057540894268,0.6199999861419201,False
143,4.5,43.09,37.87741974571279,0.5599999874830246,False
144,4.485,43.08,39.524264082482915,0.6799999848008156,False
145,4.47,43.07,41.17110841925304,0.5899999868124723,False
146,4.455,43.06,42.81795275602316,0.5599999874830246,False
147,4.44,43.05,44.46479709279328,0.6099999863654375,False
148,4.425,43.04,46.111641429563406,0.4999999888241291,False
149,4.41,43.03,47.75848576633353,0.25999999418854713,False
150,4.845,43.32,0.0,11.429999744519591,True
151,4.83,43.31,1.6468443367701215,9.559999786317348,True
152,4.815,43.3,3.293688673540243,7.799999825656414,True
153,4.8,43.29,4.940533010310364,5.349999880418181,True
154,4.8,43.28,5.74723163048343,6.4499998558312654,True
155,4.785,43.27,7.380970000964541,4.649999896064401,True
156,4.77,43.26,9.019476561028995,5.029999887570739,True
157,4.755,43.25,10.660552952538062,4.959999889135361,True
158,4.755,43.24,11.49446326096686,5.649999873712659,True
159,4.74,43.23,13.126564016130938,6.799999848008156,True
160,4.725,43.22,14.761940001929082,7.059999842196703,True
161,4.71,43.21,16.399611425598717,6.989999843761325,True
162,4.71,43.2,17.24169489145029,8.349999813362956,True
163,4.695,43.19,18.87315528503083,8.47999981045723,True
164,4.68,43.18,20.507075136035734,8.649999806657434,True
165,4.665,43.17,22.142910002893622,7.969999821856618,True
166,4.665,43.16,22.98892652193372,7.959999822080135,True
167,4.65,43.15,24.620045507371614,7.35999983549118,True
168,4.635,43.14,26.253128032261877,6.69999985024333,True
169,4.62,43.13,27.887829150199615,5.719999872148037,True
170,4.62,43.12,28.736158152417147,5.339999880641699,True
171,4.605,43.11,30.36706495508036,2.7899999376386404,True
172,4.59,43.1,31.999604296780177,1.0699999760836363,False
173,4.575,43.09,33.6335384527715,0.6799999848008156,False
174,4.575,43.08,34.48338978290058,0.6399999856948853,False
175,4.56,43.07,36.11415193543867,0.6499999854713678,False
176,4.545,43.06,37.74631057006166,0.6899999845772982,False
177,4.53,43.05,39.37969204839282,0.7699999827891588,False
178,4.53,43.04,40.23062141338401,0.7399999834597111,False
179,4.515,43.03,41.86127863401554,0.7099999841302633,False
180,4.845,43.32,0.0,11.429999744519591,True
181,4.83,43.31,1.6468443367701215,9.559999786317348,True
182,4.83,43.3,2.5312359728641667,9.479999788105488,True
183,4.815,43.29,4.123932251240749,8.039999820291996,True
184,4.815,43.28,5.062471945728333,7.759999826550484,True
185,4.8,43.27,6.641976306547515,6.269999859854579,True
186,4.8,43.26,7.5937079185925,6.239999860525131,True
187,4.785,43.25,9.16728926135184,5.789999870583415,True
188,4.785,43.24,10.124943891456667,6.069999864324927,True
189,4.77,43.23,11.695163386909059,6.709999850019813,True
190,4.77,43.22,12.656179864320833,9.669999783858657,True
191,4.755,43.21,14.224233265534657,12.169999727979302,True
192,4.755,43.2,15.187415837185,14.259999681264162,True
193,4.74,43.19,16.753957396353574,15.199999660253525,True
194,4.74,43.18,17.718651810049167,15.639999650418758,True
195,4.725,43.17,19.284078302733622,13.259999703615904,True
196,4.725,43.16,20.249887782913333,12.339999724179506,True
197,4.71,43.15,21.814457926653503,9.699999783188105,True
198,4.71,43.14,22.7811237557775,8.659999806433916,True
199,4.695,43.13,24.345015596260218,6.549999853596091,True
200,4.695,43.12,25.312359728641667,5.209999883547425,True
201,4.68,43.11,26.875701018414645,4.559999898076057,True
202,4.68,43.1,27.843595701505834,4.089999908581376,True
203,4.665,43.09,29.406481210456274,3.4299999233335257,True
204,4.665,43.08,30.37483167437,2.349999947473407,False
205,4.65,43.07,31.937333643109046,1.5899999644607306,False
206,4.65,43.06,32.90606764723417,1.3099999707192183,False
207,4.635,43.05,34.46824240343936,1.0799999758601189,False
208,4.635,43.04,35.437303620098334,0.8499999810010195,False
209,4.62,43.03,36.99919593226167,0.7799999825656414,False
210,4.845,43.32,0.0,11.429999744519591,True
211,4.83,43.31,1.6468443367701215,9.559999786317348,True
212,4.83,43.3,2.5312359728641667,9.479999788105488,True
213,4.83,43.29,3.5447972699348984,12.659999717026949,True
214,4.83,43.28,4.602976501504297,17.829999601468444,True
215,4.815,43.27,6.059191368788063,11.299999747425318,True
216,4.815,43.26,7.089594539869797,10.559999763965607,True
217,4.815,43.25,8.140901319249242,11.549999741837382,True
218,4.815,43.24,9.205953003008593,11.369999745860696,True
219,4.8,43.23,10.634391809804695,9.149999795481563,True
220,4.8,43.22,11.682993249847538,11.569999741390347,True
221,4.8,43.21,12.741967910859438,15.469999654218554,True
222,4.8,43.2,13.808929504512891,17.509999608621,True
223,4.785,43.19,15.226344394899522,17.099999617785215,True
224,4.785,43.18,16.281802638498483,16.779999624937773,True
225,4.785,43.17,17.344048072459632,14.879999667406082,True
226,4.785,43.16,18.411906006017187,11.059999752789736,True
227,4.77,43.15,19.823410994239524,8.649999806657434,True
228,4.77,43.14,20.88244833320199,6.729999849572778,True
229,4.77,43.13,21.946504190531375,5.6099998746067286,True
230,4.77,43.12,23.014882507521484,5.0599998869001865,True
231,4.755,43.11,24.42270395774772,4.459999900311232,True
232,4.755,43.1,25.483935821718877,3.539999920874834,True
233,4.755,43.09,26.54914074272524,2.659999940544367,False
234,4.755,43.08,27.617859009025782,1.8799999579787254,False
235,4.74,43.07,29.023164870768962,1.4499999675899744,False
236,4.74,43.06,30.085878861833567,1.2599999718368053,False
237,4.74,43.05,31.151877752646897,1.2499999720603228,False
238,4.74,43.04,32.22083551053008,1.2499999720603228,False
239,4.725,43.03,33.624314342015815,1.0799999758601189,False
240,4.845,43.32,0.0,11.429999744519591,True
241,4.845,43.31,1.1098136901855469,12.339999724179506,True
242,4.845,43.3,2.2196273803710938,14.279999680817127,True
243,4.845,43.29,3.3294410705566406,19.20999957062304,True
244,4.845,43.28,4.4392547607421875,21.479999519884586,True
245,4.845,43.27,5.549068450927734,24.079999461770058,True
246,4.845,43.26,6.658882141113281,23.909999465569854,True
247,4.845,43.25,7.768695831298828,21.059999529272318,True
248,4.845,43.24,8.878509521484375,21.059999529272318,True
249,4.845,43.23,9.988323211669922,22.199999503791332,True
250,4.845,43.22,11.098136901855469,22.129999505355954,True
251,4.845,43.21,12.207950592041016,20.769999535754323,True
252,4.845,43.2,13.317764282226562,16.899999622255564,True
253,4.845,43.19,14.42757797241211,13.529999697580934,True
254,4.845,43.18,15.537391662597656,10.29999976977706,True
255,4.845,43.17,16.647205352783203,8.729999804869294,True
256,4.845,43.16,17.75701904296875,7.6699998285621405,True
257,4.845,43.15,18.866832733154297,6.889999845996499,True
258,4.845,43.14,19.976646423339844,6.559999853372574,True
259,4.845,43.13,21.08646011352539,6.189999861642718,True
260,4.845,43.12,22.196273803710938,5.859999869018793,True
261,4.845,43.11,23.306087493896484,5.399999879300594,True
262,4.845,43.1,24.41590118408203,4.829999892041087,True
263,4.845,43.09,25.525714874267578,4.3899999018758535,True
264,4.845,43.08,26.635528564453125,4.049999909475446,False
265,4.845,43.07,27.745342254638672,3.899999912828207,False
266,4.845,43.06,28.85515594482422,3.8199999146163464,False
267,4.845,43.05,29.964969635009766,3.729999916628003,False
268,4.845,43.04,31.074783325195312,3.67999991774559,False
269,4.845,43.03,32.18459701538086,3.659999918192625,False
270,4.845,43.32,0.0,11.429999744519591,True
271,4.845,43.31,1.1098136901855469,12.339999724179506,True
272,4.845,43.3,2.2196273803710938,14.279999680817127,True
273,4.845,43.29,3.3294410705566406,19.20999957062304,True
274,4.86,43.28,4.602976501504297,25.44999943114817,True
275,4.86,43.27,5.680895221328245,23.34999947808683,True
276,4.86,43.26,6.7691300188329935,22.469999497756362,True
277,4.86,43.25,7.863399059049995,21.049999529495835,True
278,4.875,43.24,9.205953003008593,19.08999957330525,True
279,4.875,43.23,10.280478585712748,18.85999957844615,True
280,4.875,43.22,11.36179044265649,17.84999960102141,True
281,4.875,43.21,12.448120220669015,15.75999964773655,True
282,4.89,43.2,13.808929504512891,11.34999974630773,True
283,4.89,43.19,14.882160284504671,9.259999793022871,True
284,4.89,43.18,15.960395617296465,8.219999816268682,True
285,4.89,43.17,17.042685663984734,7.369999835267663,True
286,4.905,43.16,18.411906006017187,6.489999854937196,True
287,4.905,43.15,19.48445367114201,6.369999857619405,True
288,4.905,43.14,20.560957171425496,6.099999863654375,True
289,4.905,43.13,21.64082617649692,5.879999868571758,True
290,4.92,43.12,23.014882507521484,5.489999877288938,True
291,4.92,43.11,24.08700812344431,5.22999988310039,True
292,4.92,43.1,25.162402045444157,5.029999887570739,True
293,4.92,43.09,26.24066245177738,4.8699998911470175,True
294,4.935,43.08,27.617859009025782,4.559999898076057,True
295,4.935,43.07,28.68969799704532,4.5099998991936445,True
296,4.935,43.06,29.764320569009342,4.429999900981784,True
297,4.935,43.05,30.841435757138246,4.339999902993441,True
298,4.95,43.04,32.22083551053008,3.689999917522073,False
299,4.95,43.03,33.292467125931985,3.5599999204277992,False
300,4.845,43.32,0.0,11.429999744519591,True
301,4.845,43.31,1.1098136901855469,12.339999724179506,True
302,4.86,43.3,2.5312359728641667,16.369999634101987,True
303,4.86,43.29,3.5447972699348984,21.02999952994287,True
304,4.875,43.28,5.062471945728333,26.01999941840768,True
305,4.875,43.27,6.059191368788063,22.719999492168427,True
306,4.89,43.26,7.5937079185925,19.499999564141035,True
307,4.89,43.25,8.583491335284078,17.54999960772693,True
308,4.905,43.24,10.124943891456667,14.959999665617943,False
309,4.905,43.23,11.110947667181279,13.769999692216516,True
310,4.92,43.22,12.656179864320833,11.169999750331044,True
311,4.92,43.21,13.63980585358269,10.479999765753746,True
312,4.935,43.2,15.187415837185,9.039999797940254,True
313,4.935,43.19,16.16940816742095,8.359999813139439,True
314,4.95,43.18,17.718651810049167,7.819999825209379,True
315,4.95,43.17,18.699452621575134,7.469999833032489,True
316,4.965,43.16,20.249887782913333,7.159999839961529,True
317,4.965,43.15,21.22978114133658,6.819999847561121,True
318,4.98,43.14,22.7811237557775,6.179999861866236,True
319,4.98,43.13,23.76030297307277,5.7299998719245195,True
320,4.995,43.12,25.312359728641667,4.999999888241291,True
321,4.995,43.11,26.29096229764164,4.669999895617366,True
322,5.01,43.1,27.843595701505834,4.25999990478158,True
323,5.01,43.09,28.821722897850172,4.099999908357859,True
324,5.025,43.08,30.37483167437,3.089999930933118,True
325,5.025,43.07,31.3525602489741,2.419999945908785,False
326,5.04,43.06,32.90606764723417,0.9499999787658453,False
327,5.04,43.05,33.88345715288338,0.6799999848008156,False
328,5.055,43.04,35.437303620098334,0.3499999921768904,False
329,5.055,43.03,36.41440119235329,0.36999999172985554,False
330,4.845,43.32,0.0,11.429999744519591,True
331,4.845,43.31,1.1098136901855469,12.339999724179506,True
332,4.86,43.3,2.5312359728641667,16.369999634101987,True
333,4.875,43.29,4.123932251240749,25.569999428465962,True
334,4.89,43.28,5.74723163048343,22.529999496415257,True
335,4.89,43.27,6.641976306547515,21.389999521896243,True
336,4.905,43.26,8.247864502481498,18.039999596774578,True
337,4.92,43.25,9.867263094949571,14.959999665617943,False
338,4.935,43.24,11.49446326096686,12.81999971345067,True
339,4.935,43.23,12.371796753722247,11.399999745190144,True
340,4.95,43.22,13.989593453032349,10.56999976374209,True
341,4.965,43.21,15.61346494491029,10.039999775588512,True
342,4.98,43.2,17.24169489145029,9.249999793246388,True
343,4.98,43.19,18.112653129868757,8.449999811127782,True
344,4.995,43.18,19.734526189899142,7.419999834150076,True
345,5.01,43.17,21.360220902785382,6.769999848678708,True
346,5.025,43.16,22.98892652193372,5.949999867007136,True
347,5.025,43.15,23.856579694485443,5.639999873936176,True
348,5.04,43.14,25.480495790454377,5.049999887123704,True
349,5.055,43.13,27.107178556140717,4.449999900534749,True
350,5.07,43.12,28.736158152417147,3.5499999206513166,True
351,5.07,43.11,29.601789284848717,3.009999932721257,True
352,5.085,43.1,31.22692988982058,1.4799999669194221,False
353,5.1,43.09,32.85423206166991,0.5599999874830246,False
354,5.115,43.08,34.48338978290058,0.3999999910593033,False
355,5.115,43.07,35.34765629909134,0.40999999083578587,False
356,5.13,43.06,36.97361191159223,0.42999999038875103,False
357,5.145,43.05,38.601338607339535,0.42999999038875103,False
358,5.16,43.04,40.23062141338401,0.40999999083578587,False
359,5.16,43.03,41.09390496949222,0.41999999061226845,False
360,4.845,43.32,0.0,11.429999744519591,True
361,4.86,43.31,1.6468443367701215,12.959999710321426,True
362,4.875,43.3,3.293688673540243,21.33999952301383,True
363,4.89,43.29,4.940533010310364,20.56999954022467,True
364,4.905,43.28,6.587377347080486,20.17999954894185,True
365,4.92,43.27,8.234221683850608,17.709999604150653,False
366,4.935,43.26,9.881066020620729,15.239999659359455,False
367,4.95,43.25,11.527910357390851,13.189999705180526,True
368,4.965,43.24,13.174754694160972,11.469999743625522,True
369,4.98,43.23,14.821599030931095,10.619999762624502,True
370,4.995,43.22,16.468443367701216,9.299999792128801,True
371,5.01,43.21,18.11528770447134,7.339999835938215,True
372,5.025,43.2,19.762132041241458,6.07999986410141,True
373,5.04,43.19,21.40897637801158,5.519999876618385,True
374,5.055,43.18,23.055820714781703,4.969999888911843,True
375,5.07,43.17,24.702665051551822,4.489999899640679,True
376,5.085,43.16,26.349509388321945,4.029999909922481,False
377,5.1,43.15,27.996353725092067,3.249999927356839,False
378,5.115,43.14,29.64319806186219,2.6699999403208494,False
379,5.13,43.13,31.29004239863231,2.299999948590994,False
380,5.145,43.12,32.93688673540243,1.5499999653548002,False
381,5.16,43.11,34.583731072172554,1.029999976977706,False
382,5.175,43.1,36.23057540894268,0.8099999818950891,False
383,5.19,43.09,37.87741974571279,0.7199999839067459,False
384,5.205,43.08,39.524264082482915,0.6099999863654375,False
385,5.22,43.07,41.17110841925304,0.549999987706542,False
386,5.235,43.06,42.81795275602316,0.4899999890476465,False
387,5.25,43.05,44.46479709279328,0.4499999899417162,False
388,5.265,43.04,46.111641429563406,0.3899999912828207,False
389,5.28,43.03,47.75848576633353,0.3299999926239252,False
390,4.845,43.32,0.0,11.429999744519591,True
391,4.86,43.31,1.6468443367701215,12.959999710321426,True
392,4.875,43.3,3.293688673540243,21.33999952301383,True
393,4.89,43.29,4.940533010310364,20.56999954022467,True
394,4.905,43.29,5.896756339239931,17.009999619796872,True
395,4.92,43.28,7.531084178024184,17.749999603256583,False
396,4.935,43.27,9.169891766411952,16.079999640583992,False
397,4.95,43.26,10.81114210701334,13.829999690875411,True
398,4.965,43.26,11.793512678479862,11.639999739825726,False
399,4.98,43.25,13.426311190053402,10.449999766424298,True
400,4.995,43.24,15.062168356048367,8.999999798834324,True
401,5.01,43.23,16.70018537438552,7.4299998339265585,True
402,5.025,43.23,17.690269017719796,6.019999865442514,False
403,5.04,43.22,19.3224715317827,5.309999881312251,True
404,5.055,43.21,20.95696511456066,4.679999895393848,True
405,5.07,43.2,22.59325253407255,4.149999907240272,True
406,5.085,43.2,23.587025356959725,3.9599999114871025,False
407,5.1,43.19,25.218910576582907,3.5599999204277992,True
408,5.115,43.18,26.852622380106805,3.039999932050705,True
409,5.13,43.17,28.487846518237284,2.3799999468028545,False
410,5.145,43.17,29.483781696199657,2.299999948590994,False
411,5.16,43.16,31.11546988061646,2.3099999483674765,False
412,5.175,43.15,32.74867541158032,2.3799999468028545,False
413,5.19,43.14,34.38318206730792,2.1699999514967203,False
414,5.205,43.14,35.38053803543959,1.9799999557435513,False
415,5.22,43.13,37.012091966844395,1.6899999622255564,False
416,5.235,43.12,38.6449430635654,1.5199999660253525,False
417,5.25,43.11,40.278933570160206,1.3699999693781137,False
418,5.265,43.11,41.27729437467952,1.2599999718368053,False
419,5.28,43.1,42.908750952241405,1.0099999774247408,False
420,4.845,43.32,0.0,11.429999744519591,True
421,4.86,43.31,1.6468443367701215,12.959999710321426,True
422,4.875,43.31,2.67457020798436,14.749999670311809,True
423,4.89,43.3,4.272052702314204,16.439999632537365,True
424,4.905,43.3,5.34914041596872,14.71999967098236,True
425,4.92,43.29,6.935086438395945,14.789999669417739,False
426,4.935,43.29,8.02371062395308,12.769999714568257,False
427,4.95,43.28,9.604533571161676,13.389999700710177,False
428,4.965,43.28,10.69828083193744,10.199999772012234,False
429,4.98,43.27,12.276211057406716,9.229999793693423,True
430,4.995,43.27,13.3728510399218,7.259999837726355,False
431,5.01,43.26,14.948923115973713,6.2099998611956835,True
432,5.025,43.26,16.04742124790616,4.949999889358878,False
433,5.04,43.25,17.622199020651948,4.469999900087714,True
434,5.055,43.25,18.72199145589052,4.1999999061226845,False
435,5.07,43.24,20.295815970650573,4.029999909922481,True
436,5.085,43.24,21.39656166387488,3.8099999148398638,False
437,5.1,43.23,22.96965487551866,3.609999919310212,True
438,5.115,43.23,24.07113187185924,2.819999936968088,False
439,5.13,43.22,25.643646306273148,1.8299999590963125,False
440,5.145,43.22,26.7457020798436,1.0799999758601189,False
441,5.16,43.21,28.317747054751898,1.1199999749660492,False
442,5.175,43.21,29.420272287827963,1.099999975413084,False
443,5.19,43.2,30.991928823928628,1.4399999678134918,False
444,5.205,43.2,32.09484249581232,1.3099999707192183,False
445,5.22,43.19,33.66617230682576,1.4499999675899744,False
446,5.235,43.19,34.76941270379668,1.149999974295497,False
447,5.25,43.18,36.3404638791689,1.0099999774247408,False
448,5.265,43.18,37.44398291178104,0.6799999848008156,False
449,5.28,43.17,39.01479365200274,0.6399999856948853,False
450,4.845,43.32,0.0,11.429999744519591,True
451,4.86,43.31,1.6468443367701215,12.959999710321426,True
452,4.875,43.31,2.67457020798436,14.749999670311809,True
453,4.89,43.31,3.8151507192482326,13.159999705851078,True
454,4.905,43.31,4.991817695887965,11.009999753907323,False
455,4.92,43.3,6.475877683635405,12.139999728649855,False
456,4.935,43.3,7.630301438496465,9.589999785646796,False
457,4.95,43.3,8.801524185985773,7.7399998269975185,False
458,4.965,43.3,9.98363539177593,5.2999998815357685,False
459,4.98,43.29,11.445452157744697,6.3999998569488525,False
460,4.995,43.29,12.614521873823257,5.079999886453152,False
461,5.01,43.29,13.791837035013327,4.619999896734953,False
462,5.025,43.29,14.975453087663894,4.169999906793237,False
463,5.04,43.28,16.42851929526818,4.049999909475446,False
464,5.055,43.28,17.603048371971546,3.5599999204277992,False
465,5.07,43.28,18.78294964647987,3.009999932721257,False
466,5.085,43.28,19.96727078355186,2.339999947696924,False
467,5.1,43.27,21.41566261390797,2.2799999490380287,False
468,5.115,43.27,22.593028785108366,1.4399999678134918,False
469,5.13,43.27,23.774358327029393,0.789999982342124,False
470,5.145,43.27,24.959088479439824,0.40999999083578587,False
471,5.16,43.26,26.404572557957316,0.3899999912828207,False
472,5.175,43.26,27.583674070026653,0.3499999921768904,False
473,5.19,43.26,28.765908956953645,0.3799999915063381,False
474,5.205,43.26,29.950906175327788,0.36999999172985554,False
475,5.22,43.25,31.394406931204962,0.3399999924004078,False
476,5.235,43.25,32.574678640566,0.2899999935179949,False
477,5.25,43.25,33.757538568376994,0.2699999939650297,False
478,5.265,43.25,34.942723871215755,0.2299999948590994,False
479,5.28,43.24,36.3847854050798,0.2199999950826168,False
480,4.845,43.32,0.0,11.429999744519591,True
481,4.86,43.32,1.2167209386825562,14.8699996676296,True
482,4.875,43.32,2.4334418773651123,12.27999972552061,True
483,4.89,43.32,3.6501628160476685,10.479999765753746,True
484,4.905,43.32,4.866883754730225,8.90999980084598,False
485,4.92,43.32,6.083604693412781,7.269999837502837,False
486,4.935,43.32,7.300325632095337,5.379999879747629,False
487,4.95,43.32,8.517046570777893,4.489999899640679,False
488,4.965,43.32,9.73376750946045,4.249999905005097,False
489,4.98,43.32,10.950488448143005,4.009999910369515,False
490,4.995,43.32,12.167209386825562,3.9399999119341373,False
491,5.01,43.32,13.383930325508118,3.7499999161809683,False
492,5.025,43.32,14.600651264190674,3.1899999286979437,False
493,5.04,43.32,15.81737220287323,2.299999948590994,False
494,5.055,43.32,17.034093141555786,1.2599999718368053,False
495,5.07,43.32,18.250814080238342,0.3299999926239252,False
496,5.085,43.32,19.4675350189209,0.5699999872595072,False
497,5.1,43.32,20.684255957603455,0.47999998927116394,False
498,5.115,43.32,21.90097689628601,0.4499999899417162,False
499,5.13,43.32,23.117697834968567,0.41999999061226845,False
500,5.145,43.32,24.334418773651123,0.4399999901652336,False
501,5.16,43.32,25.55113971233368,0.18999999575316906,False
502,5.175,43.32,26.767860651016235,0.1599999964237213,False
503,5.19,43.32,27.98458158969879,0.1599999964237213,False
504,5.205,43.32,29.201302528381348,0.1699999962002039,False
505,5.22,43.32,30.418023467063904,0.13999999687075615,False
506,5.235,43.32,31.63474440574646,0.13999999687075615,False
507,5.25,43.32,32.851465344429016,0.13999999687075615,False
508,5.265,43.32,34.06818628311157,0.1699999962002039,False
509,5.28,43.32,35.28490722179413,0.17999999597668648,False
