,SOURCE,SITE,LONGITUDE,LATITUDE,REGION,zone_pretty
6,REPHY,Antifer ponton pétrolier,0.1316590692,49.6657520189,BAY_OF_SEINE,Bay of Seine
7,REPHY,Blonville,0.0199990439,49.339075211,BAY_OF_SEINE,Bay of Seine
8,REPHY,Ouistreham 1 mille,-0.2428388157,49.3109047477,BAY_OF_SEINE,Bay of Seine
9,REPHY,Ouistreham 2 milles,-0.2436726086,49.32723851,BAY_OF_SEINE,Bay of Seine
10,REPHY,Ouistreham 3 milles,-0.2445063974,49.3434056013,BAY_OF_SEINE,Bay of Seine
11,REPHY,Ouistreham 4 milles,-0.2455068793,49.3604060468,BAY_OF_SEINE,Bay of Seine
12,REPHY,Ouistreham 6 milles,-0.2471744861,49.3937402578,BAY_OF_SEINE,Bay of Seine
13,REPHY,Cabourg,-0.1170026166,49.2984058683,BAY_OF_SEINE,Bay of Seine
14,REPHY,Franceville parking,-0.2006707974,49.2922380683,BAY_OF_SEINE,Bay of Seine
15,REPHY,Ouistreham enrochement ouest,-0.2475051381,49.2947375931,BAY_OF_SEINE,Bay of Seine
16,REPHY,Bouée de Lion 3 milles,-0.2655069276,49.3474054654,BAY_OF_SEINE,Bay of Seine
17,REPHY,Hermanville (a),-0.3028397431,49.3007371129,BAY_OF_SEINE,Bay of Seine
18,REPHY,Bouée de Luc 2 milles,-0.3080077529,49.3464049456,BAY_OF_SEINE,Bay of Seine
19,REPHY,Villerville (a),0.1201658815,49.4075782138,BAY_OF_SEINE,Bay of Seine
20,REPHY,St Aubin,-0.387675866,49.3409038731,BAY_OF_SEINE,Bay of Seine
21,REPHY,Graye sur mer,-0.4858447,49.3484029333,BAY_OF_SEINE,Bay of Seine
22,REPHY,Bernières (a),-0.4175,49.3443333333,BAY_OF_SEINE,Bay of Seine
23,REPHY,St Aubin les Essarts,-0.3890098612,49.3642378176,BAY_OF_SEINE,Bay of Seine
24,REPHY,Luc sur mer,-0.3466745332,49.3220705102,BAY_OF_SEINE,Bay of Seine
25,REPHY,Bouée des Essarts 3 milles,-0.358009608,49.3777385407,BAY_OF_SEINE,Bay of Seine
26,REPHY,Port en Bessin,-0.7531834463,49.3515665687,BAY_OF_SEINE,Bay of Seine
27,REPHY,Roches de Grandcamp,-1.0485238088,49.3943975916,BAY_OF_SEINE,Bay of Seine
28,REPHY,Ste Marie du Mont nord,-1.154166667,49.406,BAY_OF_SEINE,Bay of Seine
29,REPHY,Grandcamp prise eau base,-1.0916910251,49.3833967903,BAY_OF_SEINE,Bay of Seine
30,REPHY,Ravenoville (a),-1.2096952416,49.451730567,BAY_OF_SEINE,Bay of Seine
34,REPHY,Moulard,-1.2382014527,49.6544023534,BAY_OF_SEINE,Bay of Seine
35,REPHY,Reville (a),-1.2113663241,49.6092347841,BAY_OF_SEINE,Bay of Seine
87,REPHY,Tronoen,-4.349061,47.8526,SOUTHERN_BRITTANY,S. Brittany
88,REPHY,Treguennec Nord,-4.3672120003,47.884986022,SOUTHERN_BRITTANY,S. Brittany
89,REPHY,La Torche,-4.3492104385,47.8381517522,SOUTHERN_BRITTANY,S. Brittany
90,REPHY,Les Glénan,-3.9867012004,47.7333201782,SOUTHERN_BRITTANY,S. Brittany
91,REPHY,Moutons,-4.0287032344,47.7821542102,SOUTHERN_BRITTANY,S. Brittany
92,REPHY,Le Letty,-4.0763729685,47.8661557093,SOUTHERN_BRITTANY,S. Brittany
93,REPHY,Ile Chevalier,-4.176366,47.855182,SOUTHERN_BRITTANY,S. Brittany
94,REPHY,Penfoulic,-3.98165,47.8929,SOUTHERN_BRITTANY,S. Brittany
95,REPHY,Moulin Mer,-3.8863693247,47.8574910978,SOUTHERN_BRITTANY,S. Brittany
96,REPHY,Le Scoré,-3.9542043536,47.8754907328,SOUTHERN_BRITTANY,S. Brittany
97,REPHY,Kerist,-3.9787053971,47.8983243376,SOUTHERN_BRITTANY,S. Brittany
98,REPHY,Beg Meil,-3.9877043626,47.8529897774,SOUTHERN_BRITTANY,S. Brittany
99,REPHY,Le Henant,-3.7563664102,47.835825445,SOUTHERN_BRITTANY,S. Brittany
100,REPHY,L'Ile,-3.7006982393,47.8168256381,SOUTHERN_BRITTANY,S. Brittany
101,REPHY,Trévignon,-3.8322000749,47.7963235679,SOUTHERN_BRITTANY,S. Brittany
102,REPHY,Poulguin,-3.7508657555,47.8146583213,SOUTHERN_BRITTANY,S. Brittany
103,REPHY,Merrien port,-3.6473630429,47.7824920915,SOUTHERN_BRITTANY,S. Brittany
104,REPHY,Ile Kerner,-3.3161882905,47.702660712,SOUTHERN_BRITTANY,S. Brittany
105,REPHY,Mané Hellec,-3.1741855991,47.6986622885,SOUTHERN_BRITTANY,S. Brittany
106,REPHY,Port Etel,-3.2071851116,47.6564941943,SOUTHERN_BRITTANY,S. Brittany
107,REPHY,Kerdonis,-3.0556734407,47.3074874435,SOUTHERN_BRITTANY,S. Brittany
108,REPHY,Citadelle,-3.1526762482,47.3488206451,SOUTHERN_BRITTANY,S. Brittany
109,REPHY,Men er Roue,-3.093748,47.534765,SOUTHERN_BRITTANY,S. Brittany
110,REPHY,Le Lac,-3.026680688,47.6126619059,SOUTHERN_BRITTANY,S. Brittany
111,REPHY,Méaban,-2.934365,47.513917,SOUTHERN_BRITTANY,S. Brittany
112,REPHY,Les Boureseaux,-2.9366775082,47.5528281583,SOUTHERN_BRITTANY,S. Brittany
113,REPHY,Karrec Rouz Eau,-2.98516,47.5664,SOUTHERN_BRITTANY,S. Brittany
114,REPHY,Kerivaud,-2.9458449782,47.5776619941,SOUTHERN_BRITTANY,S. Brittany
115,REPHY,Le Perick,-2.88243,47.59322,SOUTHERN_BRITTANY,S. Brittany
116,REPHY,Creizic,-2.86971,47.58175,SOUTHERN_BRITTANY,S. Brittany
117,REPHY,Creizic 2,-2.8663435558,47.5789962919,SOUTHERN_BRITTANY,S. Brittany
118,REPHY,La Turballe,-2.515831229,47.3468280253,SOUTHERN_BRITTANY,S. Brittany
119,REPHY,Piriac sémaphore,-2.5579993257,47.3728281703,SOUTHERN_BRITTANY,S. Brittany
120,REPHY,Le Marescle,-2.4971671438,47.4628310812,SOUTHERN_BRITTANY,S. Brittany
121,REPHY,Ouest Loscolo,-2.538268,47.457596,SOUTHERN_BRITTANY,S. Brittany
122,REPHY,Port au Loup,-2.5353325654,47.3856620807,SOUTHERN_BRITTANY,S. Brittany
123,REPHY,Ile Dumet (a),-2.590322,47.42117,SOUTHERN_BRITTANY,S. Brittany
124,REPHY,Pointe du Bile,-2.48763,47.43974,SOUTHERN_BRITTANY,S. Brittany
125,REPHY,Pointe Castelli,-2.5598328271,47.3781616126,SOUTHERN_BRITTANY,S. Brittany
126,REPHY,Pont Mahé Eau,-2.47915,47.43228,SOUTHERN_BRITTANY,S. Brittany
127,REPHY,Penerf,-2.616504012,47.5154976511,SOUTHERN_BRITTANY,S. Brittany
128,REPHY,Pointe er Fosse Eau,-2.63787,47.50887,SOUTHERN_BRITTANY,S. Brittany
129,REPHY,Le Halguen,-2.492189,47.501564,SOUTHERN_BRITTANY,S. Brittany
130,REPHY,Le Scal,-2.4470003565,47.4946657798,SOUTHERN_BRITTANY,S. Brittany
131,REPHY,Trehiguier,-2.439000196,47.4941658605,SOUTHERN_BRITTANY,S. Brittany
132,REPHY,Kervoyal Eau,-2.52518,47.50615,SOUTHERN_BRITTANY,S. Brittany
133,REPHY,Pointe Pen Bé,-2.4589987205,47.4211638367,SOUTHERN_BRITTANY,S. Brittany
134,REPHY,Le Croisic (a),-2.5141633556,47.2999935692,SOUTHERN_BRITTANY,S. Brittany
135,REPHY,Pointe de Chemoulin (a),-2.3016577218,47.2311610212,SOUTHERN_BRITTANY,S. Brittany
136,REPHY,Port Lin,-2.5088295232,47.2839932414,SOUTHERN_BRITTANY,S. Brittany
137,REPHY,Bonne Source,-2.3364921796,47.2504944223,SOUTHERN_BRITTANY,S. Brittany
138,REPHY,Beauvoir - le Gois,-2.113646771,46.9278225157,SOUTHERN_BRITTANY,S. Brittany
139,REPHY,Coupelasse-Fiol,-2.0344809216,47.0208256656,SOUTHERN_BRITTANY,S. Brittany
140,REPHY,Gresseloup,-2.1336475796,46.9458227192,SOUTHERN_BRITTANY,S. Brittany
141,REPHY,Bois de la Chaise (a),-2.2121504309,47.0031565314,SOUTHERN_BRITTANY,S. Brittany
142,REPHY,Claire Durand,-1.9953144514,47.058327022,SOUTHERN_BRITTANY,S. Brittany
143,REPHY,La Guérinière,-2.2299831673,46.9654887524,SOUTHERN_BRITTANY,S. Brittany
144,REPHY,Ile d'Yeu,-2.3391459023,46.7223150139,SOUTHERN_BRITTANY,S. Brittany
145,REPHY,Frandière,-2.1744809427,46.9163215412,SOUTHERN_BRITTANY,S. Brittany
146,REPHY,Ile d'Yeu est,-2.293629,46.710655,SOUTHERN_BRITTANY,S. Brittany
147,REPHY,La Sablaire,-2.3239791244,46.7291486838,SOUTHERN_BRITTANY,S. Brittany
148,REPHY,Dunes de Brétignolles,-1.842746,46.590478,SOUTHERN_BRITTANY,S. Brittany
149,REPHY,Remblai,-1.7842968531,46.4913158623,BAY_OF_BISCAY,Bay of Biscay
150,REPHY,La Cotinière,-1.3251082364,45.9124741564,BAY_OF_BISCAY,Bay of Biscay
151,REPHY,Fosse Loix,-1.4079503774,46.2276472339,BAY_OF_BISCAY,Bay of Biscay
152,REPHY,La Passe des Esnandais (terre),-1.31541,46.3035,BAY_OF_BISCAY,Bay of Biscay
153,REPHY,L'Eperon (terre),-1.23999333700977,46.2693399312656,BAY_OF_BISCAY,Bay of Biscay
154,REPHY,La Carrelère,-1.2001132535,46.2299829522,BAY_OF_BISCAY,Bay of Biscay
155,REPHY,Baie d'Yves (a),-1.11274,46.01737,BAY_OF_BISCAY,Bay of Biscay
156,REPHY,Ile d'Aix,-1.15275,46.016405,BAY_OF_BISCAY,Bay of Biscay
157,REPHY,Le Cornard,-1.130607923,46.0551463,BAY_OF_BISCAY,Bay of Biscay
158,REPHY,Bouée des palles,-1.1597736854,45.992311184,BAY_OF_BISCAY,Bay of Biscay
159,REPHY,Boyard,-1.2084407079,45.9686434253,BAY_OF_BISCAY,Bay of Biscay
160,REPHY,St Froult,-1.1222713408,45.9201432603,BAY_OF_BISCAY,Bay of Biscay
161,REPHY,Le Chapus (a),-1.1789375321,45.8534744213,BAY_OF_BISCAY,Bay of Biscay
162,REPHY,Auger,-1.20527,45.799805,BAY_OF_BISCAY,Bay of Biscay
187,REPHY,Men Du,-3.8400329464,47.7733229083,SOUTHERN_BRITTANY,S. Brittany
188,REPHY,Ile Tudy,-4.1708741903,47.8483208059,SOUTHERN_BRITTANY,S. Brittany
189,REPHY,Pendruc,-3.8913687437,47.8319904089,SOUTHERN_BRITTANY,S. Brittany
190,REPHY,Porsmoric (a),-3.5321438039,47.781966723850005,SOUTHERN_BRITTANY,S. Brittany
191,REPHY,Port de Bélon,-3.705031568,47.8136588417,SOUTHERN_BRITTANY,S. Brittany
192,REPHY,Rosbraz,-3.7441991302,47.8208252194,SOUTHERN_BRITTANY,S. Brittany
193,REPHY,Kérivor Eau,-3.10869,47.56383,SOUTHERN_BRITTANY,S. Brittany
194,REPHY,Kerisper,-3.02267,47.59215,SOUTHERN_BRITTANY,S. Brittany
195,REPHY,Karrec-Rouz,-2.98516,47.5664,SOUTHERN_BRITTANY,S. Brittany
196,REPHY,Le Guilvin,-2.9331778876,47.5701619583,SOUTHERN_BRITTANY,S. Brittany
197,REPHY,Pornichet,-2.34806961115,47.25852409985,SOUTHERN_BRITTANY,S. Brittany
198,REPHY,Estuaire (b),-2.227656024,47.2178282183,SOUTHERN_BRITTANY,S. Brittany
199,REPHY,Joalland (a),-2.2214877992,47.1596602093,SOUTHERN_BRITTANY,S. Brittany
200,REPHY,Pointe St Gildas (a),-2.2461544253,47.1396594397,SOUTHERN_BRITTANY,S. Brittany
201,REPHY,St Jean de Mont,-2.0861428037,46.7856527558,SOUTHERN_BRITTANY,S. Brittany
203,REPHY,Rochers verts,-1.8471334363,46.5791505631,SOUTHERN_BRITTANY,S. Brittany
204,REPHY,Les Sables,-1.7932969712,46.489315713,BAY_OF_BISCAY,Bay of Biscay
205,REPHY,Filière w,-1.376951,46.278149,BAY_OF_BISCAY,Bay of Biscay
211,REPHY,Antifer ponton pêche,0.151624,49.651367,BAY_OF_SEINE,Bay of Seine
227,REPHY,Carrec Bouzen,-3.9430365242,47.8389899653,SOUTHERN_BRITTANY,S. Brittany
228,REPHY,Galèze,-3.3158561447,47.7486618503,SOUTHERN_BRITTANY,S. Brittany
229,REPHY,Le Pradic,-3.2067222222,47.65225,SOUTHERN_BRITTANY,S. Brittany
230,REPHY,Roquenec,-3.20876,47.66636,SOUTHERN_BRITTANY,S. Brittany
231,REPHY,Moulin Sach,-3.1876848723,47.6609945348,SOUTHERN_BRITTANY,S. Brittany
232,REPHY,Bignac,-3.1898516129,47.6623278754,SOUTHERN_BRITTANY,S. Brittany
233,REPHY,Houat,-2.94631509010016,47.40634629447207,SOUTHERN_BRITTANY,S. Brittany
234,REPHY,Beaumer (b),-3.0336795589,47.5636606199,SOUTHERN_BRITTANY,S. Brittany
235,REPHY,NE Dupuch,-3.0560125105,47.5328262683,SOUTHERN_BRITTANY,S. Brittany
236,REPHY,Souris,-3.0196784628,47.5308266455,SOUTHERN_BRITTANY,S. Brittany
237,REPHY,Plijadur,-3.0450137274,47.5881610884,SOUTHERN_BRITTANY,S. Brittany
238,REPHY,Pointe Colomban,-3.0996806139,47.5578263685,SOUTHERN_BRITTANY,S. Brittany
239,REPHY,Treho,-3.0135124342,47.5601607707,SOUTHERN_BRITTANY,S. Brittany
240,REPHY,Buisson Méaban,-2.9746775514,47.5273270874,SOUTHERN_BRITTANY,S. Brittany
241,REPHY,Truscat,-2.7550073488,47.5464967957,SOUTHERN_BRITTANY,S. Brittany
242,REPHY,Chimère,-2.8988416626,47.4814935193,SOUTHERN_BRITTANY,S. Brittany
243,REPHY,Penvins,-2.6680041174,47.4823295696,SOUTHERN_BRITTANY,S. Brittany
244,REPHY,Cofreneau,-2.503667943,47.4896649976,SOUTHERN_BRITTANY,S. Brittany
245,REPHY,Merquel,-2.46666444245,47.42102721335,SOUTHERN_BRITTANY,S. Brittany
246,REPHY,Fromentine,-2.1409797443,46.89248802,SOUTHERN_BRITTANY,S. Brittany
247,REPHY,Ecluse Gachère,-1.8464669128,46.5856507249,SOUTHERN_BRITTANY,S. Brittany
248,REPHY,Brouage,-1.1251043345,45.9029761645,BAY_OF_BISCAY,Bay of Biscay
249,REPHY,Mérignac,-1.1342708472,45.888809068,BAY_OF_BISCAY,Bay of Biscay
250,REPHY,Perquis,-1.1767695443,45.797139813,BAY_OF_BISCAY,Bay of Biscay
251,REPHY,Cotard,-1.1112678391,45.7751400337,BAY_OF_BISCAY,Bay of Biscay
252,REPHY,Bouée de St Georges,-1.0184284369,45.5816366253,BAY_OF_BISCAY,Bay of Biscay
260,REPHY,Bouée Carosse,0.0253285446,49.4842458575,BAY_OF_SEINE,Bay of Seine
261,REPHY,Deauville,0.0586658739,49.3619096055,BAY_OF_SEINE,Bay of Seine
262,REPHY,Grande Rade,-0.011339874,49.5212464351,BAY_OF_SEINE,Bay of Seine
264,REPHY,Luc 1 mille,-0.3291742868,49.3259041495,BAY_OF_SEINE,Bay of Seine
265,REPHY,Courseulles,-0.4618443566,49.3534033467,BAY_OF_SEINE,Bay of Seine
266,REPHY,Asnelles-Meuvaines,-0.5715131312,49.3504019897,BAY_OF_SEINE,Bay of Seine
267,REPHY,Pointe de la Percée,-0.9196666667,49.3906666667,BAY_OF_SEINE,Bay of Seine
268,REPHY,Port en Bessin 1 mille,-0.768517285,49.3588999194,BAY_OF_SEINE,Bay of Seine
269,REPHY,St Germain de Varreville,-1.2096952416,49.451730567,BAY_OF_SEINE,Bay of Seine
270,REPHY,Géfosse,-1.1073581894,49.3902301225,BAY_OF_SEINE,Bay of Seine
272,REPHY,Reville 1 mille,-1.2170332054,49.6129014828,BAY_OF_SEINE,Bay of Seine
283,REPHY,Skividen,-4.2413738667,47.7883184866,SOUTHERN_BRITTANY,S. Brittany
284,REPHY,Concarneau large,-3.949922,47.833406,SOUTHERN_BRITTANY,S. Brittany
285,REPHY,Trénogoat,-3.64445721415,47.7861947755,SOUTHERN_BRITTANY,S. Brittany
286,REPHY,Bailleron,-2.7471747009,47.5789976866,SOUTHERN_BRITTANY,S. Brittany
287,REPHY,Poudrantais,-2.5013340223,47.4681644969,SOUTHERN_BRITTANY,S. Brittany
288,REPHY,Pointe du But,-2.4001471204,46.7266477503,SOUTHERN_BRITTANY,S. Brittany
289,REPHY,Port Joinville,-2.3481462364,46.7293150772,SOUTHERN_BRITTANY,S. Brittany
290,REPHY,Anse du Piquet,-1.6496263509,46.4341493694,BAY_OF_BISCAY,Bay of Biscay
294,REPHY,Fécamp digue,0.3634993899,49.765667432,BAY_OF_SEINE,Bay of Seine
295,REPHY,Fécamp 1 mille,0.3425004242,49.7730007236,BAY_OF_SEINE,Bay of Seine
296,REPHY,Estuaire de l'Orne,-0.2280326686,49.2795007433,BAY_OF_SEINE,Bay of Seine
297,REPHY,Baie de Seine - Zone 5,-0.2500094081,49.4499084056,BAY_OF_SEINE,Bay of Seine
298,REPHY,Hors Baie de Seine - Zone 8,-0.1858460237,49.616663666,BAY_OF_SEINE,Bay of Seine
299,REPHY,Hors Baie de Seine - Zone 9,0.0516576158,49.659417586,BAY_OF_SEINE,Bay of Seine
300,REPHY,Seine 1,0.02713430475,49.47412302435,BAY_OF_SEINE,Bay of Seine
301,REPHY,Baie de Seine - Zone 4,-0.5083488408,49.4833229672,BAY_OF_SEINE,Bay of Seine
302,REPHY,Baie de Seine - Zone 3,-0.750020793,49.4999039252,BAY_OF_SEINE,Bay of Seine
303,REPHY,Utah,-1.1728336826,49.4216668616,BAY_OF_SEINE,Bay of Seine
306,REPHY,Gougins,-1.2430001592,49.4851677386,BAY_OF_SEINE,Bay of Seine
307,REPHY,Baie de Seine - Zone 1,-0.8583567465499999,49.5166531074,BAY_OF_SEINE,Bay of Seine
348,REPHY,Face moulin marée - 29PA16,-4.2119837554,47.8671007763,SOUTHERN_BRITTANY,S. Brittany
349,REPHY,Cale de Rosquemo - 29PA17,-4.1952131964,47.8573024024,SOUTHERN_BRITTANY,S. Brittany
350,REPHY,Pouldon SE Ile Chevalier - PA20,-4.1742759501,47.8495407952,SOUTHERN_BRITTANY,S. Brittany
351,REPHY,Aval port Corniguel - 29OD08,-4.0989160743,47.9681429602,SOUTHERN_BRITTANY,S. Brittany
352,REPHY,Phare du Coq - 29OD16,-4.1168855863,47.8746621012,SOUTHERN_BRITTANY,S. Brittany
353,REPHY,Face anse Kergourlet - 29AV04,-3.7476530702,47.8415656904,SOUTHERN_BRITTANY,S. Brittany
354,REPHY,Moulin mer - 29BE08,-3.6394307796,47.8288583301,SOUTHERN_BRITTANY,S. Brittany
355,REPHY,Estuaire amont Isle - 29BE26,-3.6996916205,47.8193457123,SOUTHERN_BRITTANY,S. Brittany
356,REPHY,Estuaire face porte neuve - 29BE28,-3.682618056,47.8223043216,SOUTHERN_BRITTANY,S. Brittany
357,REPHY,Pont St Maurice - 29LA03,-3.5229145148,47.7975306059,SOUTHERN_BRITTANY,S. Brittany
358,REPHY,Cost er Lann - 29LA05,-3.5293783528,47.8123558955,SOUTHERN_BRITTANY,S. Brittany
359,REPHY,Queblen - 29LA11,-3.5423164081,47.8564351655,SOUTHERN_BRITTANY,S. Brittany
360,REPHY,Amont port Kerdruc Rosbras - 29AV02,-3.7449174588,47.8201501942,SOUTHERN_BRITTANY,S. Brittany
361,REPHY,Lorient 16,-3.428251,47.666741,SOUTHERN_BRITTANY,S. Brittany
362,REPHY,Citadelle - 56B600,-3.3671627909,47.7119153379,SOUTHERN_BRITTANY,S. Brittany
363,REPHY,Aval Le Scav - 56B510,-3.3878872358,47.8042290379,SOUTHERN_BRITTANY,S. Brittany
364,REPHY,Saint Christophe - 56B530,-3.3633123302,47.7610332614,SOUTHERN_BRITTANY,S. Brittany
365,REPHY,Pont du Bonhomme - 56B480,-3.3041429866,47.7636190247,SOUTHERN_BRITTANY,S. Brittany
366,REPHY,Rade de Lorient - 56B560,-3.3520948008,47.7356927687,SOUTHERN_BRITTANY,S. Brittany
367,REPHY,Ban-Gavres,-3.35,47.701,SOUTHERN_BRITTANY,S. Brittany
368,REPHY,Etel - Pierres noires,-3.241081,47.588262,SOUTHERN_BRITTANY,S. Brittany
369,REPHY,Aval Pont Lorois - 56ET16,-3.1986870799,47.6741747297,SOUTHERN_BRITTANY,S. Brittany
370,REPHY,Taillefer,-3.133189,47.403454,SOUTHERN_BRITTANY,S. Brittany
371,REPHY,Le Moustoir,-2.955517,47.60175,SOUTHERN_BRITTANY,S. Brittany
372,REPHY,Aval Port Anna,-2.780367,47.620167,SOUTHERN_BRITTANY,S. Brittany
373,REPHY,Le Passage - Noyalo,-2.722733,47.588833,SOUTHERN_BRITTANY,S. Brittany
374,REPHY,Nord Dumet,-2.6565833428,47.4600674904,SOUTHERN_BRITTANY,S. Brittany
375,REPHY,Bonen du Four,-2.65462,47.308548,SOUTHERN_BRITTANY,S. Brittany
376,REPHY,Aval Le Diben - 56V500,-2.636617,47.508967,SOUTHERN_BRITTANY,S. Brittany
377,REPHY,Aval Tréhiguier - 56V100,-2.445048691,47.4961341719,SOUTHERN_BRITTANY,S. Brittany
378,REPHY,Le Petit Sécé - 56V120,-2.4918531482,47.5063672122,SOUTHERN_BRITTANY,S. Brittany
379,REPHY,Pointe St Gildas large,-2.26777,47.134749,SOUTHERN_BRITTANY,S. Brittany
380,REPHY,Saint-Nazaire - 44 L029 (149200),-2.1699917515,47.2898606396,SOUTHERN_BRITTANY,S. Brittany
381,REPHY,Cordemais - 44 L028 (148500),-1.899666365,47.2751483955,SOUTHERN_BRITTANY,S. Brittany
382,REPHY,Indre - 44 L015 (148000),-1.6745985245,47.1952990276,SOUTHERN_BRITTANY,S. Brittany
385,REPHY,Bois de la Chaise large,-2.199438,47.019077,SOUTHERN_BRITTANY,S. Brittany
386,REPHY,Coupelasse large,-2.0608516,47.04212,SOUTHERN_BRITTANY,S. Brittany
387,REPHY,Yeu large,-2.3574691522,46.7737210278,SOUTHERN_BRITTANY,S. Brittany
388,REPHY,Large pointe grosse terre,-2.040599,46.632903,SOUTHERN_BRITTANY,S. Brittany
389,REPHY,Vert Bois 2,-1.290219444,45.84061389,BAY_OF_BISCAY,Bay of Biscay
390,REPHY,Pont du Brault - S86,-1.0824814263,46.3169696498,BAY_OF_BISCAY,Bay of Biscay
391,REPHY,Nord Saumonards,-1.2778828451,46.00594685,BAY_OF_BISCAY,Bay of Biscay
392,REPHY,Les Fontenelles,-1.1111240789,45.9759963468,BAY_OF_BISCAY,Bay of Biscay
393,REPHY,Côte Sauvage,-1.280463889,45.72652222,BAY_OF_BISCAY,Bay of Biscay
394,REPHY,La Palmyre,-1.168833,45.659108335,BAY_OF_BISCAY,Bay of Biscay
407,REPHY,Amont pont du Guily - 29BE07,-3.6498471132569,47.8227680547174,SOUTHERN_BRITTANY,S. Brittany
410,REPHY,Basse Michaud,-2.5833333333,47.2291666667,SOUTHERN_BRITTANY,S. Brittany
430,REPHY,Sète mer,3.7006861111,43.3892333,GULF_OF_LION,Gulf of Lion
431,REPHY,Le Grau du Roi,4.0933773495,43.5283110091,GULF_OF_LION,Gulf of Lion
432,REPHY,Espiguette,4.115774666666667,43.4983155,GULF_OF_LION,Gulf of Lion
433,REPHY,Agde,3.5209328718,43.2589662754,GULF_OF_LION,Gulf of Lion
434,REPHY,Aigues-Mortes,4.07380004023335,43.5404998994166,GULF_OF_LION,Gulf of Lion
435,REPHY,Filières des Aresquiers,3.85573,43.44318,GULF_OF_LION,Gulf of Lion
436,REPHY,Bouzigues (a),3.6642597429642856,43.436953268864286,GULF_OF_LION,Gulf of Lion
437,REPHY,Marseillan (a),3.55397449344375,43.36504962005625,GULF_OF_LION,Gulf of Lion
438,REPHY,Marseillan large,3.5563700817,43.3566353691,GULF_OF_LION,Gulf of Lion
439,REPHY,Mourre-Blanc large,3.5970366659,43.4034701042,GULF_OF_LION,Gulf of Lion
440,REPHY,Bouzigues (c),3.6497037463,43.4361379903,GULF_OF_LION,Gulf of Lion
441,REPHY,Port de Loupian (b),3.6382035945,43.4323044612,GULF_OF_LION,Gulf of Lion
442,REPHY,Mèze zone a,3.6253701425,43.4253041845,GULF_OF_LION,Gulf of Lion
443,REPHY,Mèze zone b,3.5855365732,43.3964698409,GULF_OF_LION,Gulf of Lion
444,REPHY,Montpenèdre (b),3.5713698831,43.3829694125,GULF_OF_LION,Gulf of Lion
445,REPHY,Mèze lagunage,3.5935363812,43.4151369857,GULF_OF_LION,Gulf of Lion
446,REPHY,Roquerols,3.6702042649,43.4296380535,GULF_OF_LION,Gulf of Lion
447,REPHY,Thau - Crique de l'Angle,3.6705372762,43.447305102,GULF_OF_LION,Gulf of Lion
448,REPHY,Etang du Prévost,3.9096125,43.5211195,GULF_OF_LION,Gulf of Lion
449,REPHY,Ingril sud,3.7738728247,43.4361392155,GULF_OF_LION,Gulf of Lion
450,REPHY,Rousty,4.494486,43.457109,GULF_OF_LION,Gulf of Lion
451,REPHY,Stes Maries 5,4.4432190083,43.4493127255,GULF_OF_LION,Gulf of Lion
452,REPHY,Courbe,4.695475,43.3486185,GULF_OF_LION,Gulf of Lion
453,REPHY,Ponant embouchure,4.1007102945,43.5569783674,GULF_OF_LION,Gulf of Lion
454,REPHY,Comète,4.2397147006,43.466144435,GULF_OF_LION,Gulf of Lion
455,REPHY,Carteau 14,4.8792288294,43.38281552,GULF_OF_LION,Gulf of Lion
456,REPHY,Antoine,4.8457282509,43.378148429,GULF_OF_LION,Gulf of Lion
457,REPHY,Carteau 1,4.8745619704,43.3883155936,GULF_OF_LION,Gulf of Lion
458,REPHY,Carteau 64,4.9012293407,43.3786489758,GULF_OF_LION,Gulf of Lion
459,REPHY,Grand Rhône,4.8026672593,43.3858331785,GULF_OF_LION,Gulf of Lion
460,REPHY,Anse de Carteau 2,4.88429,43.37678,GULF_OF_LION,Gulf of Lion
461,REPHY,Fos,4.95058036612352,43.3506497686582,GULF_OF_LION,Gulf of Lion
462,REPHY,Jai,5.1634005918,43.4129855772,GULF_OF_LION,Gulf of Lion
463,REPHY,Varage,5.0225634318,43.4694854461,GULF_OF_LION,Gulf of Lion
464,REPHY,Chamas,5.0733967631,43.5251538132,GULF_OF_LION,Gulf of Lion
465,REPHY,Vitrolles,5.2277342598,43.4653206647,GULF_OF_LION,Gulf of Lion
466,REPHY,Berre sud,5.1063326897,43.4185001478,GULF_OF_LION,Gulf of Lion
467,REPHY,Couronne,5.0530666765,43.3238159226,GULF_OF_LION,Gulf of Lion
468,REPHY,18A - Carry,5.1591671497,43.3220002361,GULF_OF_LION,Gulf of Lion
469,REPHY,Endoume,5.2916662264,43.2416664416,GULF_OF_LION,Gulf of Lion
470,REPHY,Bain des Dames,5.3621676597,43.2400004127,GULF_OF_LION,Gulf of Lion
471,REPHY,Morgiret - Frioul,5.3048324181,43.2828324539,GULF_OF_LION,Gulf of Lion
472,REPHY,Endoume plage,5.3497733627,43.2800761576,GULF_OF_LION,Gulf of Lion
475,REPHY,Cortiou,5.380869,43.1964081673707,GULF_OF_LION,Gulf of Lion
511,REPHY,Marseillan plage-est,3.5617219444444443,43.32171305555556,GULF_OF_LION,Gulf of Lion
512,REPHY,Le Grand Travers Ouest,4.036375335985714,43.55602550350714,GULF_OF_LION,Gulf of Lion
513,REPHY,Creusot,3.702637,43.420926,GULF_OF_LION,Gulf of Lion
514,REPHY,Listel,3.61106341,43.38875155,GULF_OF_LION,Gulf of Lion
515,REPHY,Etang de Vic - Puech Long,3.8435,43.505683,GULF_OF_LION,Gulf of Lion
516,REPHY,Etang de Vic - Passe,3.8210924528301886,43.468350150943394,GULF_OF_LION,Gulf of Lion
517,REPHY,Etang du Ponant - VVF,4.101667,43.559067,GULF_OF_LION,Gulf of Lion
518,REPHY,Le Bouquet,5.12263025548179,43.4892898813116,GULF_OF_LION,Gulf of Lion
519,REPHY,Le Jaï,5.15436028968014,43.4081301548984,GULF_OF_LION,Gulf of Lion
520,REPHY,Massane,5.0209404546369,43.4687095151881,GULF_OF_LION,Gulf of Lion
528,SOMLIT,Frioul,5.29167,43.2417,GULF_OF_LION,Gulf of Lion
536,SOMLIT,Luc-sur-Mer,-0.346606,49.3188,BAY_OF_SEINE,Bay of Seine
538,SOMLIT,Antioche,-1.30833,46.0842,BAY_OF_BISCAY,Bay of Biscay
540,SOMLIT,Smile,-0.333041,49.337,BAY_OF_SEINE,Bay of Seine
542,SOMLIT,Sete,3.66167,43.3267,GULF_OF_LION,Gulf of Lion
